[
    {
        "symbolicName": "BusinessTransactionType",
        "hasDependentProperties": true,
        "displayMode": "readonly"
    }, 
	{
        "symbolicName": "CopyToPolicyNumber",
        "overrides": [
            {
                "overrideType": "REQUIRED",
                "dependents": [
                    {
                        "dependentOn": "BusinessTransactionType",
                        "dependentValues": "Policy"
                    }
                ]
            },
            {
                "overrideType": "HIDDEN",
                "dependents": [
                    {
                        "dependentOn": "BusinessTransactionType",
                        "dependentValues": "Submission"
                    }
                ]
            },
            {
                "overrideType": "FORMATTER",
                "providerClass": "com.ibm.icn.custom.agcs.eds.ToUpperCaseFormatter",
                "providerAttribute": "CopyToPolicyNumber"
            }
        ]
    },
    {
        "symbolicName": "CopyToSubmissionNumber",
        "overrides": [
            {
                "overrideType": "REQUIRED",
                "dependents": [
                    {
                        "dependentOn": "BusinessTransactionType",
                        "dependentValues": "Submission"
                    }
                ]
            },
            {
                "overrideType": "HIDDEN",
                "dependents": [
                    {
                        "dependentOn": "BusinessTransactionType",
                        "dependentValues": "Policy"
                    }
                ]
            },
            {
                "overrideType": "FORMATTER",
                "providerClass": "com.ibm.icn.custom.agcs.eds.ToUpperCaseFormatter",
                "providerAttribute": "CopyToSubmissionNumber"
            }
        ]
    },
    {
        "symbolicName": "CurrentPolicyNumber",
		"displayMode": "readonly",
        "overrides": [
            {
                "overrideType": "HIDDEN",
                "dependents": [
                    {
                        "dependentOn": "BusinessTransactionType",
                        "dependentValues": "Submission"
                    }
                ]
            }
        ]
    },
    {
        "symbolicName": "CurrentSubmissionNumber",
		"displayMode": "readonly",
        "overrides": [
            {
                "overrideType": "HIDDEN",
                "dependents": [
                    {
                        "dependentOn": "BusinessTransactionType",
                        "dependentValues": "Policy"
                    }
                ]
            }
        ]
    },
    {
        "symbolicName": "CurrentPolicyEffectiveDate",
		"displayMode": "readonly",
        "overrides": [
            {
                "overrideType": "FORMATTER",
                "providerClass": "com.ibm.icn.custom.agcs.eds.TimeZoneFormatter",
                "providerAttribute": "CurrentPolicyEffectiveDate"
            }
        ]
    },
    {
        "symbolicName": "CopyToPolicyEffectiveDate",
        "required": true,
        "overrides": [
            {
                "overrideType": "FORMATTER",
                "providerClass": "com.ibm.icn.custom.agcs.eds.TimeZoneFormatter",
                "providerAttribute": "CopyToPolicyEffectiveDate"
            }
        ]
    }
]