[
    {
        "symbolicName": "DeletionReason",
        "required": true,
        "overrides": [
            {
                "overrideType": "CHOICELIST",
                "providerClass": "com.ibm.icn.custom.agcs.eds.ChoicelistProvider",
                "providerAttribute": "DeletionReasons"
            }
        ]
    },
    {
        "symbolicName": "AssignedUser",
	    "displayMode": "readonly"
    },
    {
        "symbolicName": "ClaimantEntity",
	    "displayMode": "readonly"
    },
    {
        "symbolicName": "ClaimLine",
	    "displayMode": "readonly"
    },
	{
        "symbolicName": "ClaimNumber",
	    "displayMode": "readonly"
    },
    {
        "symbolicName": "ClaimsAdjuster",
	    "displayMode": "readonly"
    },
    {
        "symbolicName": "ClaimsManager",
	    "displayMode": "readonly"
    },
    {
        "symbolicName": "DateReceivedDt",
	    "displayMode": "readonly"
    },
    {
        "symbolicName": "Deleted",
        "hidden": true
    },
	{
        "symbolicName": "DeletedBy",
	    "displayMode": "readonly"
    },
	{
        "symbolicName": "DeletionDate",
	    "displayMode": "readonly"
    },
	{
        "symbolicName": "DocumentDescription",
	    "displayMode": "readonly"
    },
    {
        "symbolicName": "DocumentTitle",
	    "displayMode": "readonly"
    },
    {
        "symbolicName": "InsuredName",
	    "displayMode": "readonly"
    },
    {
        "symbolicName": "LineOfBusiness",
	    "displayMode": "readonly"
    },
    {
        "symbolicName": "PolicyNumber",
	    "displayMode": "readonly"
    },
    {
        "symbolicName": "PrimaryDocumentType",
	    "displayMode": "readonly"
    },
    {
        "symbolicName": "ScanDateDt",
	    "displayMode": "readonly"
    },
    {
        "symbolicName": "StepName",
	    "displayMode": "readonly"
    },
    {
        "symbolicName": "SubmissionNumber",
        "hidden": true
    }
]