[
    {
        "symbolicName": "CurrentClaimNumber",
        "displayMode": "readonly"
    },
    {
        "symbolicName": "CurrentClaimantEntity",
        "displayMode": "readonly"
    },
    {
        "symbolicName": "CurrentDateOfLoss",
        "displayMode": "readonly"
    },
    {
        "symbolicName": "ClaimNumber",
        "hasDependentProperties": true,
        "required": true,
        "overrides": [
            {
                "overrideType": "LOOKUP",
                "dependentChildren": [
                    {
                        "dependentChild": "ClaimantEntity"
                    },
                    {
                        "dependentChild": "DateofLoss"
                    }
                ],
                "providerClass": "com.ibm.icn.custom.agcs.eds.ClaimLookup",
                "providerAttribute": "ClaimNumber"
            },
            {
                "overrideType": "FORMATTER",
                "providerClass": "com.ibm.icn.custom.agcs.eds.ToUpperCaseFormatter",
                "providerAttribute": "ClaimNumber"
            }
        ]
    },
    {
        "symbolicName": "ClaimantEntity",
        "required": true,
        "overrides": [
            {
                "overrideType": "LOOKUP",
                "dependents": [
                    {
                        "dependentOn": "ClaimNumber"
                    }
                ],
                "providerClass": "com.ibm.icn.custom.agcs.eds.ClaimLookup",
                "providerAttribute": "ClaimantEntity"
            },
            {
                "overrideType": "FORMATTER",
                "providerClass": "com.ibm.icn.custom.agcs.eds.ToUpperCaseFormatter",
                "providerAttribute": "ClaimantEntity"
            }
        ]
    },
    {
        "symbolicName": "DateofLoss",
        "required": true,
        "overrides": [
            {
                "overrideType": "LOOKUP",
                "dependents": [
                    {
                        "dependentOn": "ClaimNumber"
                    }
                ],
                "providerClass": "com.ibm.icn.custom.agcs.eds.ClaimLookup",
                "providerAttribute": "DateofLoss"
            },
            {
                "overrideType": "FORMATTER",
                "providerClass": "com.ibm.icn.custom.agcs.eds.TimeZoneFormatter",
                "providerAttribute": "DateofLoss"
            }
        ]
    }
]