[
    {
        "symbolicName": "UpdateOption",
        "required": true,
        "hasDependentProperties": true,
        "overrides": [
            {
                "overrideType": "CHOICELIST",
                "providerClass": "com.ibm.icn.custom.agcs.eds.ChoicelistProvider",
                "providerAttribute": "BulkUpdate_Options_Policy",
                "dependents": [
                    {
                        "dependentOn": "BusinessTransactionType",
                        "dependentValues": "Policy"
                    }
                ]
            },
            {
                "overrideType": "CHOICELIST",
                "providerClass": "com.ibm.icn.custom.agcs.eds.ChoicelistProvider",
                "providerAttribute": "BulkUpdate_Options_Submission",
                "dependents": [
                    {
                        "dependentOn": "BusinessTransactionType",
                        "dependentValues": "Submission"
                    }
                ]
            }
        ]
    },
	{
		"symbolicName": "BusinessTransactionType",
        "hasDependentProperties": true,
		"displayMode": "readonly"
	},
	{
		"symbolicName": "CurrentInsuredEntity",
		"displayMode": "readonly"
	},
	{
		"symbolicName": "CurrentPolicyEffectiveDate",
		"displayMode": "readonly"
	},
    {
        "symbolicName": "CurrentPolicyNumber",
        "displayMode": "readonly"
    },
    {
        "symbolicName": "CurrentSubmissionNumber",
        "displayMode": "readonly",
		"overrides": [
            {
                "overrideType": "HIDDEN",
                "dependents": [
                    {
                        "dependentOn": "BusinessTransactionType",
                        "dependentValues": "Policy"
                    }
                ]
            }
        ]
    },
    {
        "symbolicName": "NewPolicyNumber",
        "overrides": [
            {
                "overrideType": "REQUIRED",
                "dependents": [
                    {
                        "dependentOn": "BusinessTransactionType",
                        "dependentValues": "Policy"
                    },
                    {
                        "dependentOn": "UpdateOption",
                        "dependentValues": "1"
                    }
                ]
            },
            {
                "overrideType": "HIDDEN",
                "dependents": [
                    {
                        "dependentOn": "BusinessTransactionType",
                        "dependentValues": "Submission"
                    },
                    {
                        "dependentOn": "UpdateOption",
                        "dependentValues": "1"
                    }
                ]
            },
            {
                "overrideType": "HIDDEN",
                "dependents": [
                    {
                        "dependentOn": "UpdateOption",
                        "dependentValues": "2"
                    }
                ]
            },
            {
                "overrideType": "HIDDEN",
                "dependents": [
                    {
                        "dependentOn": "UpdateOption",
                        "dependentValues": "3"
                    }
                ]
            },
            {
                "overrideType": "REQUIRED",
                "dependents": [
                    {
                        "dependentOn": "BusinessTransactionType",
                        "dependentValues": "Policy"
                    },
                    {
                        "dependentOn": "UpdateOption",
                        "dependentValues": "4"
                    }
                ]
            },
            {
                "overrideType": "HIDDEN",
                "dependents": [
                    {
                        "dependentOn": "BusinessTransactionType",
                        "dependentValues": "Submission"
                    },
                    {
                        "dependentOn": "UpdateOption",
                        "dependentValues": "4"
                    }
                ]
            },
            {
                "overrideType": "HIDDEN",
                "dependents": [
                    {
                        "dependentOn": "UpdateOption",
                        "dependentValues": "5"
                    }
                ]
            },
            {
                "overrideType": "FORMATTER",
                "providerClass": "com.ibm.icn.custom.agcs.eds.ToUpperCaseFormatter",
                "providerAttribute": "NewPolicyNumber"
            }
        ]
    },
    {
        "symbolicName": "NewSubmissionNumber",
        "overrides": [
            {
                "overrideType": "REQUIRED",
                "dependents": [
                    {
                        "dependentOn": "BusinessTransactionType",
                        "dependentValues": "Submission"
                    },
                    {
                        "dependentOn": "UpdateOption",
                        "dependentValues": "1"
                    }
                ]
            },
            {
                "overrideType": "HIDDEN",
                "dependents": [
                    {
                        "dependentOn": "BusinessTransactionType",
                        "dependentValues": "Policy"
                    },
                    {
                        "dependentOn": "UpdateOption",
                        "dependentValues": "1"
                    }
                ]
            },
            {
                "overrideType": "HIDDEN",
                "dependents": [
                    {
                        "dependentOn": "UpdateOption",
                        "dependentValues": "2"
                    }
                ]
            },
            {
                "overrideType": "HIDDEN",
                "dependents": [
                    {
                        "dependentOn": "UpdateOption",
                        "dependentValues": "3"
                    }
                ]
            },
            {
                "overrideType": "REQUIRED",
                "dependents": [
                    {
                        "dependentOn": "BusinessTransactionType",
                        "dependentValues": "Submission"
                    },
					{
                        "dependentOn": "UpdateOption",
                        "dependentValues": "4"
                    }
                ]
            },
            {
                "overrideType": "HIDDEN",
                "dependents": [
                    {
                        "dependentOn": "BusinessTransactionType",
                        "dependentValues": "Policy"
                    },
					{
                        "dependentOn": "UpdateOption",
                        "dependentValues": "4"
                    }
                ]
            },
            {
                "overrideType": "HIDDEN",
                "dependents": [
                    {
                        "dependentOn": "UpdateOption",
                        "dependentValues": "5"
                    }
                ]
            },
            {
                "overrideType": "FORMATTER",
                "providerClass": "com.ibm.icn.custom.agcs.eds.ToUpperCaseFormatter",
                "providerAttribute": "NewSubmissionNumber"
            }
        ]
    },
    {
        "symbolicName": "ConvertToPolicyNumber",
        "overrides": [
            {
                "overrideType": "HIDDEN",
                "dependents": [
                    {
                        "dependentOn": "UpdateOption",
                        "dependentValues": "1"
                    }
                ]
            },
            {
                "overrideType": "HIDDEN",
                "dependents": [
                    {
                        "dependentOn": "UpdateOption",
                        "dependentValues": "2"
                    }
                ]
            },
            {
                "overrideType": "HIDDEN",
                "dependents": [
                    {
                        "dependentOn": "UpdateOption",
                        "dependentValues": "3"
                    }
                ]
            },
            {
                "overrideType": "HIDDEN",
                "dependents": [
                    {
                        "dependentOn": "UpdateOption",
                        "dependentValues": "4"
                    }
                ]
            },
            {
                "overrideType": "REQUIRED",
                "dependents": [
                    {
                        "dependentOn": "UpdateOption",
                        "dependentValues": "5"
                    }
                ]
            },
            {
                "overrideType": "FORMATTER",
                "providerClass": "com.ibm.icn.custom.agcs.eds.ToUpperCaseFormatter",
                "providerAttribute": "ConvertToPolicyNumber"
            }
        ]
    },
    {
        "symbolicName": "NewInsuredEntity",
        "overrides": [
            {
                "overrideType": "HIDDEN",
                "dependents": [
                    {
                        "dependentOn": "UpdateOption",
                        "dependentValues": "1"
                    }
                ]
            },
            {
                "overrideType": "REQUIRED",
                "dependents": [
                    {
                        "dependentOn": "UpdateOption",
                        "dependentValues": "2"
                    }
                ]
            },
            {
                "overrideType": "HIDDEN",
                "dependents": [
                    {
                        "dependentOn": "UpdateOption",
                        "dependentValues": "3"
                    }
                ]
            },
            {
                "overrideType": "REQUIRED",
                "dependents": [
                    {
                        "dependentOn": "UpdateOption",
                        "dependentValues": "4"
                    }
                ]
            },
            {
                "overrideType": "HIDDEN",
                "dependents": [
                    {
                        "dependentOn": "UpdateOption",
                        "dependentValues": "5"
                    }
                ]
            },
            {
                "overrideType": "FORMATTER",
                "providerClass": "com.ibm.icn.custom.agcs.eds.ToUpperCaseFormatter",
                "providerAttribute": "NewInsuredEntity"
            }
        ]
    },
    {
        "symbolicName": "NewPolicyEffectiveDate",
        "overrides": [
            {
                "overrideType": "HIDDEN",
                "dependents": [
                    {
                        "dependentOn": "UpdateOption",
                        "dependentValues": "1"
                    }
                ]
            },
            {
                "overrideType": "HIDDEN",
                "dependents": [
                    {
                        "dependentOn": "UpdateOption",
                        "dependentValues": "2"
                    }
                ]
            },
            {
                "overrideType": "REQUIRED",
                "dependents": [
                    {
                        "dependentOn": "UpdateOption",
                        "dependentValues": "3"
                    }
                ]
            },
            {
                "overrideType": "REQUIRED",
                "dependents": [
                    {
                        "dependentOn": "UpdateOption",
                        "dependentValues": "4"
                    }
                ]
            },
            {
                "overrideType": "HIDDEN",
                "dependents": [
                    {
                        "dependentOn": "UpdateOption",
                        "dependentValues": "5"
                    }
                ]
            },
            {
                "overrideType": "FORMATTER",
                "providerClass": "com.ibm.icn.custom.agcs.eds.TimeZoneFormatter",
                "providerAttribute": "NewPolicyEffectiveDate"
            }
        ]
    }
]