[
    {
        "symbolicName": "AssignedUser",
        "displayMode": "readonly"
    },
	{
        "symbolicName": "ClaimsAdjuster",
		"displayMode": "readonly",
    },
	{
        "symbolicName": "ClaimsManager",
		"displayMode": "readonly"
    },
    {
        "symbolicName": "LineOfBusiness",
        "hidden": true
    },
    {
        "symbolicName": "DeletionReason",
        "overrides": [
            {
                "overrideType": "CHOICELIST",
                "providerClass": "com.ibm.icn.custom.agcs.eds.ChoicelistProvider",
                "providerAttribute": "DeletionReasons"
            },
            {
                "overrideType": "REQUIRED",
                "dependents": [
                    {
                        "dependentOn": "F_Responses",
                        "dependentValues": "Delete"
                    }
                ]
            }
        ]
    },
    {
        "symbolicName": "NewAdjusterUID",
        "overrides": [
            {
                "overrideType": "CHOICELIST",
                "dependents": [
                    {
                        "dependentOn": "ClaimLine",
                        "dependentValues": "Marine"
                    }
                ],
                "providerClass": "com.ibm.icn.custom.agcs.eds.AGCSUserListProvider",
                "providerAttribute": "ICM_MARINECLAIMSADJUSTER"
            },
            {
                "overrideType": "CHOICELIST",
                "dependents": [
                    {
                        "dependentOn": "ClaimLine",
                        "dependentValues": "Aviation"
                    }
                ],
                "providerClass": "com.ibm.icn.custom.agcs.eds.AGCSUserListProvider",
                "providerAttribute": "ICM_AVIATIONCLAIMSADJUSTER"
            },
            {
                "overrideType": "REQUIRED",
                "dependents": [
                    {
                        "dependentOn": "F_Responses",
                        "dependentValues": "Send Copy"
                    }
                ]
            },
            {
                "overrideType": "REQUIRED",
                "dependents": [
                    {
                        "dependentOn": "F_Responses",
                        "dependentValues": "Transfer"
                    }
                ]
            }
        ]
    },
    {
        "symbolicName": "ClaimNumber",
        "hasDependentProperties": true,
        "required": true,
        "overrides": [
            {
                "overrideType": "LOOKUP",
                "dependentChildren": [
                    {
                        "dependentChild": "InsuredName"
                    },
                    {
                        "dependentChild": "PolicyNumber"
                    },
                    {
                        "dependentChild": "ClaimantEntity"
                    },
                    {
                        "dependentChild": "DateofLoss"
                    },
                    {
                        "dependentChild": "ClaimsAdjuster"
                    }
                ],
                "providerClass": "com.ibm.icn.custom.agcs.eds.ClaimLookup",
                "providerAttribute": "ClaimNumber"
            },
            {
                "overrideType": "FORMATTER",
                "providerClass": "com.ibm.icn.custom.agcs.eds.ToUpperCaseFormatter",
                "providerAttribute": "ClaimNumber"
            }
        ]
    },
    {
        "symbolicName": "ClaimantEntity",
        "required": true,
        "overrides": [
            {
                "overrideType": "LOOKUP",
                "dependents": [
                    {
                        "dependentOn": "ClaimNumber"
                    }
                ],
                "providerClass": "com.ibm.icn.custom.agcs.eds.ClaimLookup",
                "providerAttribute": "ClaimantEntity"
            },
            {
                "overrideType": "FORMATTER",
                "providerClass": "com.ibm.icn.custom.agcs.eds.ToUpperCaseFormatter",
                "providerAttribute": "ClaimantEntity"
            }
        ]
    },
    {
        "symbolicName": "DateReceivedDt",
		"displayMode": "readonly"
    },
    {
        "symbolicName": "ScanDateDt",
		"displayMode": "readonly"
    },
    {
        "symbolicName": "DocumentDescription",
        "required": true
    },
    {
        "symbolicName": "DocumentDate",
        "overrides": [
            {
                "overrideType": "DEFAULTVALUE",
                "initialValue": "TODAY"
            },
            {
                "overrideType": "FORMATTER",
                "providerClass": "com.ibm.icn.custom.agcs.eds.TimeZoneFormatter",
                "providerAttribute": "DocumentDate"
            }
        ]
    },
    {
        "symbolicName": "ClaimLine",
        "required": true,
        "hasDependentProperties": true,
        "overrides": [
            {
                "overrideType": "CHOICELIST",
                "providerClass": "com.ibm.icn.custom.agcs.eds.ChoicelistProvider",
                "providerAttribute": "ClaimLines"
            }
        ]
    },
    {
        "symbolicName": "PrimaryDocumentType",
        "required": true,
        "hasDependentProperties": true,
        "overrides": [
            {
                "overrideType": "CHOICELIST",
                "dependents": [
                    {
                        "dependentOn": "ClaimLine",
                        "dependentValues": "Marine"
                    }
                ],
                "providerClass": "com.ibm.icn.custom.agcs.eds.ChoicelistProvider",
                "providerAttribute": "Claims_PrimaryDocumentTypesMarine"
            },
            {
                "overrideType": "CHOICELIST",
                "dependents": [
                    {
                        "dependentOn": "ClaimLine",
                        "dependentValues": "Aviation"
                    }
                ],
                "providerClass": "com.ibm.icn.custom.agcs.eds.ChoicelistProvider",
                "providerAttribute": "Claims_PrimaryDocumentTypesAviation"
            }
        ]
    },
        {
        "symbolicName": "DocumentTitle",
        "required": true,
        "overrides": [
            {
                "overrideType": "CHOICELIST",
                "dependents": [
                    {
                        "dependentOn": "ClaimLine",
                        "dependentValues": "Marine"
                    },
                    {
                        "dependentOn": "PrimaryDocumentType",
                        "dependentValues": "Correspondence"
                    }
                ],
                "providerClass": "com.ibm.icn.custom.agcs.eds.ChoicelistProvider",
                "providerAttribute": "Claims_DocumentTitles_Marine_Correspondence"
            },
            {
                "overrideType": "CHOICELIST",
                "dependents": [
                    {
                        "dependentOn": "ClaimLine",
                        "dependentValues": "Marine"
                    },
                    {
                        "dependentOn": "PrimaryDocumentType",
                        "dependentValues": "Coverage"
                    }
                ],
                "providerClass": "com.ibm.icn.custom.agcs.eds.ChoicelistProvider",
                "providerAttribute": "Claims_DocumentTitles_Marine_Coverage"
            },
            {
                "overrideType": "CHOICELIST",
                "dependents": [
                    {
                        "dependentOn": "ClaimLine",
                        "dependentValues": "Marine"
                    },
                    {
                        "dependentOn": "PrimaryDocumentType",
                        "dependentValues": "Damages / Evaluation"
                    }
                ],
                "providerClass": "com.ibm.icn.custom.agcs.eds.ChoicelistProvider",
                "providerAttribute": "Claims_DocumentTitles_Marine_Damages"
            },
            {
                "overrideType": "CHOICELIST",
                "dependents": [
                    {
                        "dependentOn": "ClaimLine",
                        "dependentValues": "Marine"
                    },
                    {
                        "dependentOn": "PrimaryDocumentType",
                        "dependentValues": "Investigation"
                    }
                ],
                "providerClass": "com.ibm.icn.custom.agcs.eds.ChoicelistProvider",
                "providerAttribute": "Claims_DocumentTitles_Marine_Investigation"
            },
            {
                "overrideType": "CHOICELIST",
                "dependents": [
                    {
                        "dependentOn": "ClaimLine",
                        "dependentValues": "Marine"
                    },
                    {
                        "dependentOn": "PrimaryDocumentType",
                        "dependentValues": "Legal"
                    }
                ],
                "providerClass": "com.ibm.icn.custom.agcs.eds.ChoicelistProvider",
                "providerAttribute": "Claims_DocumentTitles_Marine_Legal"
            },
            {
                "overrideType": "CHOICELIST",
                "dependents": [
                    {
                        "dependentOn": "ClaimLine",
                        "dependentValues": "Marine"
                    },
                    {
                        "dependentOn": "PrimaryDocumentType",
                        "dependentValues": "Recovery"
                    }
                ],
                "providerClass": "com.ibm.icn.custom.agcs.eds.ChoicelistProvider",
                "providerAttribute": "Claims_DocumentTitles_Marine_Recovery"
            },
            {
                "overrideType": "CHOICELIST",
                "dependents": [
                    {
                        "dependentOn": "ClaimLine",
                        "dependentValues": "Aviation"
                    },
                    {
                        "dependentOn": "PrimaryDocumentType",
                        "dependentValues": "Correspondence"
                    }
                ],
                "providerClass": "com.ibm.icn.custom.agcs.eds.ChoicelistProvider",
                "providerAttribute": "Claims_DocumentTitles_Aviation_Correspondence"
            },
            {
                "overrideType": "CHOICELIST",
                "dependents": [
                    {
                        "dependentOn": "ClaimLine",
                        "dependentValues": "Aviation"
                    },
                    {
                        "dependentOn": "PrimaryDocumentType",
                        "dependentValues": "Financial Information"
                    }
                ],
                "providerClass": "com.ibm.icn.custom.agcs.eds.ChoicelistProvider",
                "providerAttribute": "Claims_DocumentTitles_Aviation_Financial"
            },
            {
                "overrideType": "CHOICELIST",
                "dependents": [
                    {
                        "dependentOn": "ClaimLine",
                        "dependentValues": "Aviation"
                    },
                    {
                        "dependentOn": "PrimaryDocumentType",
                        "dependentValues": "Legal"
                    }
                ],
                "providerClass": "com.ibm.icn.custom.agcs.eds.ChoicelistProvider",
                "providerAttribute": "Claims_DocumentTitles_Aviation_Legal"
            },
            {
                "overrideType": "CHOICELIST",
                "dependents": [
                    {
                        "dependentOn": "ClaimLine",
                        "dependentValues": "Aviation"
                    },
                    {
                        "dependentOn": "PrimaryDocumentType",
                        "dependentValues": "Recovery"
                    }
                ],
                "providerClass": "com.ibm.icn.custom.agcs.eds.ChoicelistProvider",
                "providerAttribute": "Claims_DocumentTitles_Aviation_Recovery"
            },
            {
                "overrideType": "CHOICELIST",
                "dependents": [
                    {
                        "dependentOn": "ClaimLine",
                        "dependentValues": "Aviation"
                    },
                    {
                        "dependentOn": "PrimaryDocumentType",
                        "dependentValues": "Reports"
                    }
                ],
                "providerClass": "com.ibm.icn.custom.agcs.eds.ChoicelistProvider",
                "providerAttribute": "Claims_DocumentTitles_Aviation_Reports"
            },
            {
                "overrideType": "CHOICELIST",
                "dependents": [
                    {
                        "dependentOn": "ClaimLine",
                        "dependentValues": "Aviation"
                    },
                    {
                        "dependentOn": "PrimaryDocumentType",
                        "dependentValues": "Policy Info"
                    }
                ],
                "providerClass": "com.ibm.icn.custom.agcs.eds.ChoicelistProvider",
                "providerAttribute": "Claims_DocumentTitles_Aviation_PolicyInfo"
            },
            {
                "overrideType": "CHOICELIST",
                "dependents": [
                    {
                        "dependentOn": "ClaimLine",
                        "dependentValues": "Aviation"
                    },
                    {
                        "dependentOn": "PrimaryDocumentType",
                        "dependentValues": "Key Details"
                    }
                ],
                "providerClass": "com.ibm.icn.custom.agcs.eds.ChoicelistProvider",
                "providerAttribute": "Claims_DocumentTitles_Aviation_KeyDetails"
            },
            {
                "overrideType": "CHOICELIST",
                "dependents": [
                    {
                        "dependentOn": "ClaimLine",
                        "dependentValues": "Aviation"
                    },
                    {
                        "dependentOn": "PrimaryDocumentType",
                        "dependentValues": "Closing Documents"
                    }
                ],
                "providerClass": "com.ibm.icn.custom.agcs.eds.ChoicelistProvider",
                "providerAttribute": "Claims_DocumentTitles_Aviation_Closing"
            },
            {
                "overrideType": "CHOICELIST",
                "dependents": [
                    {
                        "dependentOn": "ClaimLine",
                        "dependentValues": "Aviation"
                    },
                    {
                        "dependentOn": "PrimaryDocumentType",
                        "dependentValues": "CMS"
                    }
                ],
                "providerClass": "com.ibm.icn.custom.agcs.eds.ChoicelistProvider",
                "providerAttribute": "Claims_DocumentTitles_Aviation_CMS"
            }
        ]
    }
]