[
    {
        "symbolicName": "UpdateOption",
        "required": true,
        "hasDependentProperties": true,
        "overrides": [
            {
                "overrideType": "CHOICELIST",
                "providerClass": "com.ibm.icn.custom.agcs.eds.ChoicelistProvider",
                "providerAttribute": "BulkUpdate_Options_Broker"
            }
        ]
    },
    {
        "symbolicName": "CurrentBrokerName",
        "displayMode": "readonly"
    },
    {
        "symbolicName": "CurrentSFDCID",
        "displayMode": "readonly"
    },
    {
        "symbolicName": "NewBrokerName",
        "overrides": [
            {
				"overrideType": "REQUIRED",
				"dependents": [
					{
						"dependentOn": "UpdateOption",
						"dependentValues": "1"
					}
				]
	        },
	        {
	            "overrideType": "HIDDEN",
	            "dependents": [
	                {
						"dependentOn": "UpdateOption",
						"dependentValues": "2"
	                }
	            ]
	        },
            {
				"overrideType": "REQUIRED",
				"dependents": [
					{
						"dependentOn": "UpdateOption",
						"dependentValues": "3"
					}
				]
	        },
	        {
	            "overrideType": "HIDDEN",
	            "dependents": [
	                {
	                    "dependentOn": "UpdateOption",
	                    "dependentValues": ""
	                }
	            ]
	        },
 		    {
				"overrideType": "FORMATTER",
				"providerClass": "com.ibm.icn.custom.agcs.eds.ToUpperCaseFormatter",
				"providerAttribute": "NewBrokerName"
		    }
         ]
    },
    {
        "symbolicName": "NewSFDCID",
        "overrides": [
	        {
	            "overrideType": "HIDDEN",
	            "dependents": [
	                {
	                    "dependentOn": "UpdateOption",
	                    "dependentValues": "1"
	                }
					]
	        },
			{
	            "overrideType": "REQUIRED",
	            "dependents": [
	                {
	                    "dependentOn": "UpdateOption",
	                    "dependentValues": "2"
	                }
	            ]
	        },
            {
	            "overrideType": "REQUIRED",
	            "dependents": [
	                {
	                    "dependentOn": "UpdateOption",
	                    "dependentValues": "3"
	                }
	            ]
	        },
	        {
	            "overrideType": "HIDDEN",
	            "dependents": [
	                {
	                    "dependentOn": "UpdateOption",
	                    "dependentValues": ""
	                }
	            ]
	        },
 		    {
			"overrideType": "FORMATTER",
			"providerClass": "com.ibm.icn.custom.agcs.eds.ToUpperCaseFormatter",
			"providerAttribute": "NewSFDCID"
		    }
        ]
    }
]