[
	{
		"symbolicName": "Country"
	},
	{
		"symbolicName": "LineOfBusiness",
		"initialValue": "Billing & Collections",
		"displayMode": "readonly",
		"required": true
	},
	{
		"symbolicName": "PrimaryDocumentType",
		"initialValue": "Financial Information",
		"required": true,
		"displayMode": "readonly"
	},
	{
		"symbolicName": "DocumentTitle",
		"required": true
	},
	{
        "symbolicName": "DocumentDescription",
        "required": true
    },
		{
		"symbolicName": "BrokerCode",
		"overrides": [
			{
				"overrideType": "FORMATTER",
				"providerClass": "com.ibm.icn.custom.agcs.eds.ToUpperCaseFormatter",
				"providerAttribute": "BrokerCode"
			}
		]
	},
	{
		"symbolicName": "AuditNumber",
		"overrides": [
			{
				"overrideType": "FORMATTER",
				"providerClass": "com.ibm.icn.custom.agcs.eds.ToUpperCaseFormatter",
				"providerAttribute": "AuditNumber"
			}
		]
	},
	{
		"symbolicName": "AllocationDocumentNumber",
		"overrides": [
			{
				"overrideType": "FORMATTER",
				"providerClass": "com.ibm.icn.custom.agcs.eds.ToUpperCaseFormatter",
				"providerAttribute": "AllocationDocumentNumber"
			}
		]
	},
	{
		"symbolicName": "CheckNumber",
		"overrides": [
			{
				"overrideType": "FORMATTER",
				"providerClass": "com.ibm.icn.custom.agcs.eds.ToUpperCaseFormatter",
				"providerAttribute": "CheckNumber"
			}
		]
	},
	{
		"symbolicName": "WireReferenceNumber",
		"overrides": [
			{
				"overrideType": "FORMATTER",
				"providerClass": "com.ibm.icn.custom.agcs.eds.ToUpperCaseFormatter",
				"providerAttribute": "WireReferenceNumber"
			}
		]
	},
	{
		"symbolicName": "Amount"
	},
	{
		"symbolicName": "MonthYr"
	},
	{
		"symbolicName": "ReportDate",
		"overrides": [
			{
				"overrideType": "FORMATTER",
				"providerClass": "com.ibm.icn.custom.agcs.eds.TimeZoneFormatter",
				"providerAttribute": "ReportDate"
			}
		]
	},
	{
		"symbolicName": "DateProcessed",
		"hasDependentProperties": true,
		"required": true,
		"overrides": [
			{
				"overrideType": "DEFAULTVALUE",
				"initialValue": "TODAY"
			},
			{
				"overrideType": "FORMATTER",
				"providerClass": "com.ibm.icn.custom.agcs.eds.TimeZoneFormatter",
				"providerAttribute": "DateProcessed"
			}
		]
	},
	{
		"symbolicName": "DateReceived",
		"hasDependentProperties": true,
		"required": true,
		"overrides": [
			{
				"overrideType": "DEFAULTVALUE",
				"initialValue": "TODAY"
			},
			{
				"overrideType": "FORMATTER",
				"providerClass": "com.ibm.icn.custom.agcs.eds.TimeZoneFormatter",
				"providerAttribute": "DateReceived"
			}
		]
	},
	{
		"symbolicName": "DateScanned",
		"hasDependentProperties": true,
		"displayMode": "readonly",
		"required": true,
		"overrides": [
			{
				"overrideType": "DEFAULTVALUE",
				"initialValue": "TODAY"
			},
			{
				"overrideType": "FORMATTER",
				"providerClass": "com.ibm.icn.custom.agcs.eds.TimeZoneFormatter",
				"providerAttribute": "DateScanned"
			}
		]
	},
	{
		"symbolicName": "PolicyNumber",
		"overrides": [
			{
				"overrideType": "FORMATTER",
				"providerClass": "com.ibm.icn.custom.agcs.eds.ToUpperCaseFormatter",
				"providerAttribute": "PolicyNumber"
			}
		]
	},
	{
		"symbolicName": "InsuredName",
		"overrides": [
			{
				"overrideType": "FORMATTER",
				"providerClass": "com.ibm.icn.custom.agcs.eds.ToUpperCaseFormatter",
				"providerAttribute": "InsuredName"
			}
		]
	},
	{
		"symbolicName": "Deleted",
		"initialValue": "F",
		"hidden": true
	},
	{
		"symbolicName": "FileOnly",
		"initialValue": "T",
		"hidden": true
	},
	{
		"symbolicName": "RestrictedAccess",
		"initialValue": "N",
		"hidden": true
	},
	{
		"symbolicName": "RecordRetentionDate",
		"hidden": true
	},
	{
		"symbolicName": "DocOrigin",
		"initialValue": "User Attached",
		"hidden": true
	}
]