[
	{
		"symbolicName": "Company",
		"required": true
	},
	{
		"symbolicName": "Country"
	},
	{
		"symbolicName": "BrokerName",
		"required": true,
		"overrides": [
			{
				"overrideType": "FORMATTER",
				"providerClass": "com.ibm.icn.custom.agcs.eds.ToUpperCaseFormatter",
				"providerAttribute": "BrokerName"
			}
		]
	},
	{
		"symbolicName": "SFDCID",
		"overrides": [
			{
				"overrideType": "FORMATTER",
				"providerClass": "com.ibm.icn.custom.agcs.eds.ToUpperCaseFormatter",
				"providerAttribute": "SFDCID"
			}
		]
	},
	{
		"symbolicName": "LineOfBusiness",
		"required": true
	},
	{
		"symbolicName": "PrimaryDocumentType",
		"initialValue": "Broker",
		"required": true,
		"displayMode": "readonly"
	},
	{
		"symbolicName": "DocumentTitle",
		"required": true
	},
	{
		"symbolicName": "DocumentDescription",
		"required": true
	},
	{
		"symbolicName": "DocumentDate"
	},
	{
		"symbolicName": "DateScanned",
		"hasDependentProperties": true,
		"displayMode": "readonly",
		"required": true,
		"overrides": [
			{
				"overrideType": "DEFAULTVALUE",
				"initialValue": "TODAY"
			},
			{
				"overrideType": "FORMATTER",
				"providerClass": "com.ibm.icn.custom.agcs.eds.TimeZoneFormatter",
				"providerAttribute": "DateScanned"
			}
		]
	},
	{
		"symbolicName": "Deleted",
		"initialValue": "F",
		"hidden": true
	},
	{
		"symbolicName": "FileOnly",
		"initialValue": "T",
		"hidden": true
	},
	{
		"symbolicName": "RestrictedAccess",
		"initialValue": "N",
		"hidden": true
	},
	{
		"symbolicName": "RecordRetentionDate",
		"hidden": true
	},
	{
		"symbolicName": "DocOrigin",
		"initialValue": "User Attached",
		"hidden": true
	}
]