[
    {
        "symbolicName": "ClaimNumber",
        "hasDependentProperties": true,
        "required": true,
        "overrides": [
            {
                "overrideType": "LOOKUP",
                "dependentChildren": [
                    {
                        "dependentChild": "InsuredName"
                    },
                    {
                        "dependentChild": "PolicyNumber"
                    },
                    {
                        "dependentChild": "ClaimantEntity"
                    },
                    {
                        "dependentChild": "DateofLoss"
                    },
                    {
                        "dependentChild": "ClaimsAdjuster"
                    }
                ],
                "providerClass": "com.ibm.icn.custom.agcs.eds.ClaimLookup",
                "providerAttribute": "ClaimNumber"
            },
            {
                "overrideType": "FORMATTER",
                "providerClass": "com.ibm.icn.custom.agcs.eds.ToUpperCaseFormatter",
                "providerAttribute": "ClaimNumber"
            }
        ]
    },
    {
        "symbolicName": "DateReceived",
        "overrides": [
            {
                "overrideType": "DEFAULTVALUE",
                "initialValue": "TODAY"
            },
            {
                "overrideType": "FORMATTER",
                "providerClass": "com.ibm.icn.custom.agcs.eds.TimeZoneFormatter",
                "providerAttribute": "DateReceived"
            }
        ]
    },
    {
        "symbolicName": "DateScanned",
        "required": true,
		"displayMode": "readonly",
        "overrides": [
            {
                "overrideType": "DEFAULTVALUE",
                "initialValue": "TODAY"
            },
            {
                "overrideType": "FORMATTER",
                "providerClass": "com.ibm.icn.custom.agcs.eds.TimeZoneFormatter",
                "providerAttribute": "DateScanned"
            }
        ]
    },
    {
        "symbolicName": "DocumentDescription",
        "required": true
    },
    {
        "symbolicName": "DocumentDate",
        "overrides": [
            {
                "overrideType": "DEFAULTVALUE",
                "initialValue": "TODAY"
            },
            {
                "overrideType": "FORMATTER",
                "providerClass": "com.ibm.icn.custom.agcs.eds.TimeZoneFormatter",
                "providerAttribute": "DocumentDate"
            }
        ]
    },
    {
        "symbolicName": "BatchID",
        "hidden": true
    },
    {
        "symbolicName": "BoxID",
        "hidden": true
    },
    {
        "symbolicName": "Deleted",
        "hidden": true
    },
    {
        "symbolicName": "DocOrigin",
        "hidden": true
    },
    {
        "symbolicName": "RecordRetentionDate",
        "hidden": true
    },
    {
        "symbolicName": "Author",
        "hidden": true
    },
    {
        "symbolicName": "f_docnumber",
        "hidden": true
    },
    {
        "symbolicName": "UnderwritingBusinessLine",
        "hidden": true,
        "value": "Marine"
    },
    {
        "symbolicName": "LineOfBusiness",
        "hidden": true,
        "value": "MarineClaims"
    },
    {
        "symbolicName": "FileOnly",
        "required": true,
        "hasDependentProperties": true
    },
    {
        "symbolicName": "ClaimLine",
        "required": true,
        "hasDependentProperties": true
    },
    {
        "symbolicName": "PrimaryDocumentTypeClaims",
        "required": true,
        "hasDependentProperties": true,
        "overrides": [
            {
                "overrideType": "CHOICELIST",
                "dependents": [
                    {
                        "dependentOn": "ClaimLine",
                        "dependentValues": "Marine"
                    }
                ],
                "providerClass": "com.ibm.icn.custom.agcs.eds.ChoicelistProvider",
                "providerAttribute": "Claims_PrimaryDocumentTypesMarine"
            },
            {
                "overrideType": "CHOICELIST",
                "dependents": [
                    {
                        "dependentOn": "ClaimLine",
                        "dependentValues": "Aviation"
                    }
                ],
                "providerClass": "com.ibm.icn.custom.agcs.eds.ChoicelistProvider",
                "providerAttribute": "Claims_PrimaryDocumentTypesAviation"
            }
        ]
    },
    {
        "symbolicName": "DocumentTitle",
        "required": true,
        "overrides": [
            {
                "overrideType": "CHOICELIST",
                "dependents": [
                    {
                        "dependentOn": "ClaimLine",
                        "dependentValues": "Marine"
                    },
                    {
                        "dependentOn": "PrimaryDocumentTypeClaims",
                        "dependentValues": "Correspondence"
                    }
                ],
                "providerClass": "com.ibm.icn.custom.agcs.eds.ChoicelistProvider",
                "providerAttribute": "Claims_DocumentTitles_Marine_Correspondence"
            },
            {
                "overrideType": "CHOICELIST",
                "dependents": [
                    {
                        "dependentOn": "ClaimLine",
                        "dependentValues": "Marine"
                    },
                    {
                        "dependentOn": "PrimaryDocumentTypeClaims",
                        "dependentValues": "Coverage"
                    }
                ],
                "providerClass": "com.ibm.icn.custom.agcs.eds.ChoicelistProvider",
                "providerAttribute": "Claims_DocumentTitles_Marine_Coverage"
            },
            {
                "overrideType": "CHOICELIST",
                "dependents": [
                    {
                        "dependentOn": "ClaimLine",
                        "dependentValues": "Marine"
                    },
                    {
                        "dependentOn": "PrimaryDocumentTypeClaims",
                        "dependentValues": "Damages / Evaluation"
                    }
                ],
                "providerClass": "com.ibm.icn.custom.agcs.eds.ChoicelistProvider",
                "providerAttribute": "Claims_DocumentTitles_Marine_Damages"
            },
            {
                "overrideType": "CHOICELIST",
                "dependents": [
                    {
                        "dependentOn": "ClaimLine",
                        "dependentValues": "Marine"
                    },
                    {
                        "dependentOn": "PrimaryDocumentTypeClaims",
                        "dependentValues": "Investigation"
                    }
                ],
                "providerClass": "com.ibm.icn.custom.agcs.eds.ChoicelistProvider",
                "providerAttribute": "Claims_DocumentTitles_Marine_Investigation"
            },
            {
                "overrideType": "CHOICELIST",
                "dependents": [
                    {
                        "dependentOn": "ClaimLine",
                        "dependentValues": "Marine"
                    },
                    {
                        "dependentOn": "PrimaryDocumentTypeClaims",
                        "dependentValues": "Legal"
                    }
                ],
                "providerClass": "com.ibm.icn.custom.agcs.eds.ChoicelistProvider",
                "providerAttribute": "Claims_DocumentTitles_Marine_Legal"
            },
            {
                "overrideType": "CHOICELIST",
                "dependents": [
                    {
                        "dependentOn": "ClaimLine",
                        "dependentValues": "Marine"
                    },
                    {
                        "dependentOn": "PrimaryDocumentTypeClaims",
                        "dependentValues": "Recovery"
                    }
                ],
                "providerClass": "com.ibm.icn.custom.agcs.eds.ChoicelistProvider",
                "providerAttribute": "Claims_DocumentTitles_Marine_Recovery"
            },
            {
                "overrideType": "CHOICELIST",
                "dependents": [
                    {
                        "dependentOn": "ClaimLine",
                        "dependentValues": "Aviation"
                    },
                    {
                        "dependentOn": "PrimaryDocumentTypeClaims",
                        "dependentValues": "Correspondence"
                    }
                ],
                "providerClass": "com.ibm.icn.custom.agcs.eds.ChoicelistProvider",
                "providerAttribute": "Claims_DocumentTitles_Aviation_Correspondence"
            },
            {
                "overrideType": "CHOICELIST",
                "dependents": [
                    {
                        "dependentOn": "ClaimLine",
                        "dependentValues": "Aviation"
                    },
                    {
                        "dependentOn": "PrimaryDocumentTypeClaims",
                        "dependentValues": "Financial Information"
                    }
                ],
                "providerClass": "com.ibm.icn.custom.agcs.eds.ChoicelistProvider",
                "providerAttribute": "Claims_DocumentTitles_Aviation_Financial"
            },
            {
                "overrideType": "CHOICELIST",
                "dependents": [
                    {
                        "dependentOn": "ClaimLine",
                        "dependentValues": "Aviation"
                    },
                    {
                        "dependentOn": "PrimaryDocumentTypeClaims",
                        "dependentValues": "Legal"
                    }
                ],
                "providerClass": "com.ibm.icn.custom.agcs.eds.ChoicelistProvider",
                "providerAttribute": "Claims_DocumentTitles_Aviation_Legal"
            },
            {
                "overrideType": "CHOICELIST",
                "dependents": [
                    {
                        "dependentOn": "ClaimLine",
                        "dependentValues": "Aviation"
                    },
                    {
                        "dependentOn": "PrimaryDocumentTypeClaims",
                        "dependentValues": "Recovery"
                    }
                ],
                "providerClass": "com.ibm.icn.custom.agcs.eds.ChoicelistProvider",
                "providerAttribute": "Claims_DocumentTitles_Aviation_Recovery"
            },
            {
                "overrideType": "CHOICELIST",
                "dependents": [
                    {
                        "dependentOn": "ClaimLine",
                        "dependentValues": "Aviation"
                    },
                    {
                        "dependentOn": "PrimaryDocumentTypeClaims",
                        "dependentValues": "Reports"
                    }
                ],
                "providerClass": "com.ibm.icn.custom.agcs.eds.ChoicelistProvider",
                "providerAttribute": "Claims_DocumentTitles_Aviation_Reports"
            },
            {
                "overrideType": "CHOICELIST",
                "dependents": [
                    {
                        "dependentOn": "ClaimLine",
                        "dependentValues": "Aviation"
                    },
                    {
                        "dependentOn": "PrimaryDocumentTypeClaims",
                        "dependentValues": "Policy Info"
                    }
                ],
                "providerClass": "com.ibm.icn.custom.agcs.eds.ChoicelistProvider",
                "providerAttribute": "Claims_DocumentTitles_Aviation_PolicyInfo"
            },
            {
                "overrideType": "CHOICELIST",
                "dependents": [
                    {
                        "dependentOn": "ClaimLine",
                        "dependentValues": "Aviation"
                    },
                    {
                        "dependentOn": "PrimaryDocumentTypeClaims",
                        "dependentValues": "Key Details"
                    }
                ],
                "providerClass": "com.ibm.icn.custom.agcs.eds.ChoicelistProvider",
                "providerAttribute": "Claims_DocumentTitles_Aviation_KeyDetails"
            },
            {
                "overrideType": "CHOICELIST",
                "dependents": [
                    {
                        "dependentOn": "ClaimLine",
                        "dependentValues": "Aviation"
                    },
                    {
                        "dependentOn": "PrimaryDocumentTypeClaims",
                        "dependentValues": "Closing Documents"
                    }
                ],
                "providerClass": "com.ibm.icn.custom.agcs.eds.ChoicelistProvider",
                "providerAttribute": "Claims_DocumentTitles_Aviation_Closing"
            },
            {
                "overrideType": "CHOICELIST",
                "dependents": [
                    {
                        "dependentOn": "ClaimLine",
                        "dependentValues": "Aviation"
                    },
                    {
                        "dependentOn": "PrimaryDocumentTypeClaims",
                        "dependentValues": "CMS"
                    }
                ],
                "providerClass": "com.ibm.icn.custom.agcs.eds.ChoicelistProvider",
                "providerAttribute": "Claims_DocumentTitles_Aviation_CMS"
            }
        ]
    },
    {
        "symbolicName": "PolicyNumber",
        "overrides": [
            {
                "overrideType": "LOOKUP",
                "dependents": [
                    {
                        "dependentOn": "ClaimNumber"
                    }
                ],
                "providerClass": "com.ibm.icn.custom.agcs.eds.ClaimLookup",
                "providerAttribute": "PolicyNumber"
            },
            {
                "overrideType": "FORMATTER",
                "providerClass": "com.ibm.icn.custom.agcs.eds.ToUpperCaseFormatter",
                "providerAttribute": "PolicyNumber"
            }
        ]
    },
    {
        "symbolicName": "InsuredName",
        "overrides": [
            {
                "overrideType": "LOOKUP",
                "dependents": [
                    {
                        "dependentOn": "ClaimNumber"
                    }
                ],
                "providerClass": "com.ibm.icn.custom.agcs.eds.ClaimLookup",
                "providerAttribute": "InsuredName"
            },
            {
                "overrideType": "FORMATTER",
                "providerClass": "com.ibm.icn.custom.agcs.eds.ToUpperCaseFormatter",
                "providerAttribute": "InsuredName"
            }
        ]
    },
    {
        "symbolicName": "ClaimantEntity",
        "required": true,
        "overrides": [
            {
                "overrideType": "LOOKUP",
                "dependents": [
                    {
                        "dependentOn": "ClaimNumber"
                    }
                ],
                "providerClass": "com.ibm.icn.custom.agcs.eds.ClaimLookup",
                "providerAttribute": "ClaimantEntity"
            },
            {
                "overrideType": "FORMATTER",
                "providerClass": "com.ibm.icn.custom.agcs.eds.ToUpperCaseFormatter",
                "providerAttribute": "ClaimantEntity"
            }
        ]
    },
    {
        "symbolicName": "DateofLoss",
        "required": true,
        "overrides": [
            {
                "overrideType": "LOOKUP",
                "dependents": [
                    {
                        "dependentOn": "ClaimNumber"
                    }
                ],
                "providerClass": "com.ibm.icn.custom.agcs.eds.ClaimLookup",
                "providerAttribute": "DateofLoss"
            },
            {
                "overrideType": "FORMATTER",
                "providerClass": "com.ibm.icn.custom.agcs.eds.TimeZoneFormatter",
                "providerAttribute": "DateofLoss"
            }
        ]
    },
    {
        "symbolicName": "ClaimsAdjuster",
		"required": false,
        "overrides": [
            {
                "overrideType": "CHOICELIST",
                "dependents": [
                    {
                        "dependentOn": "ClaimLine",
                        "dependentValues": "Marine"
                    }
                ],
                "providerClass": "com.ibm.icn.custom.agcs.eds.AGCSUserListProvider",
                "providerAttribute": "ICM_MARINECLAIMSADJUSTER"
            },
            {
                "overrideType": "CHOICELIST",
                "dependents": [
                    {
                        "dependentOn": "ClaimLine",
                        "dependentValues": "Aviation"
                    }
                ],
                "providerClass": "com.ibm.icn.custom.agcs.eds.AGCSUserListProvider",
                "providerAttribute": "ICM_AVIATIONCLAIMSADJUSTER"
            },
            {
                "overrideType": "LOOKUP",
                "dependents": [
                    {
                        "dependentOn": "ClaimNumber"
                    }
                ],
                "providerClass": "com.ibm.icn.custom.agcs.eds.ClaimLookup",
                "providerAttribute": "ClaimsAdjuster"
            },
            {
                "overrideType": "REQUIRED",
                "dependents": [
                    {
                        "dependentOn": "FileOnly",
                        "dependentValues": "F"
                    }
                ]
            }
        ]
    },
    {
        "symbolicName": "ClaimsManager",
        "hidden": true
    },
	{
		"symbolicName": "RestrictedAccess",
		"hidden": true
	}
]