[
{"symbolicName": "ClaimsDocument"},
{"symbolicName": "AGCSClaimsWorkflow.Workflow.To_Be_Worked"},
{"symbolicName": "AGCSClaimsWorkflow.Workflow.To_Be_Worked_(Copy)"},
{"symbolicName": "AGCSClaimsWorkflow.Workflow.Review_Deletion"},
{"symbolicName": "AGCSDocumentDeletionWorkflow.Workflow.Request_Deletion"},
{"symbolicName": "AGCSDocumentDeletionWorkflow.Workflow.Review_Deletion"},
{"symbolicName": "AGCSDocumentDeletionWorkflow.Workflow.Deleted_Docs"},
{"symbolicName": "AGCSDocumentDeletionWorkflow_ACS.Workflow.Deleted_Docs"},
{"symbolicName": "StandardDocument"},
{"symbolicName": "AGCSBulkUpdateClaimDocs.Workflow.LaunchStep"},
{"symbolicName": "AGCSBulkUpdateStandardDocs.Workflow.Bulk_Update_Standard_Docs"},
{"symbolicName": "AGCSCopyClaimDocs.Workflow.Copy_Claim_Docs"},
{"symbolicName": "AGCSCopyStandardDocs.Workflow.Copy_Standard_Docs"},
{"symbolicName": "AGCSICN_ApplicationSpace.Claims_Adjuster.All_Marine_Claims"},
{"symbolicName": "AGCSICN_ApplicationSpace.Aviation_Claims_Adjuster.All_Aviation_Claims"},
{"symbolicName": "AGCSICN_ApplicationSpace.Claims_Manager.All_Marine_Claims"},
{"symbolicName": "AGCSICN_ApplicationSpace.Aviation_Claims_Manager.All_Aviation_Claims"},
{"symbolicName": "AGCSICN_ApplicationSpace.Claims_Manager.Escalation"},
{"symbolicName": "AGCSICN_ApplicationSpace.UW_Deletion.Policy-Submission_Deletion_Queue"},
{"symbolicName": "BillingCollections"},
{"symbolicName": "BrokerDocument"},
{"symbolicName": "AGCSBulkUpdateBrokerDocs.Workflow.LaunchStep"}
] 
