[{
	"symbolicName": "Country",
	"choiceList": {
		"displayName": "CountryNames",
		"choices": [{
			"displayName": "INDIA",
			"value": "INDIA"
		},
		{
			"displayName": "CANADA",
			"value": "CANADA"
		}
		]
	},
	"hasDependentProperties": true
},{
	"symbolicName": "State",
	"dependentOn": "Country",
	"dependentValue": "INDIA",
	"choiceList": {
		"displayName": "StateNames",
		"choices": [{
			"displayName": "KARNATAKA",
			"value": "KARNATAKA"
		},
		{
			"displayName": "TAMILNADU",
			"value": "TAMILNADU"
		}
		]
	},
	"hasDependentProperties": true
},
{
	"symbolicName": "State",
	"dependentOn": "Country",
	"dependentValue": "CANADA",
	"choiceList": {
		"displayName": "States",
		"choices": [{
			"displayName": "NOVA",
			"value": "NOVA"
		},
		{
			"displayName": "SCOTIA",
			"value": "SCOTIA"
		}
		]
	},
	"hasDependentProperties": true
},
{
	"symbolicName": "Taluk",
	"dependentOn": "State",
	"dependentValue": "KARNATAKA",
	"choiceList": {
		"displayName": "TalukNames",
		"choices": [{
			"displayName": "TUMKUR",
			"value": "TUMKUR"
		},
		{
			"displayName": "ANEKAL",
			"value": "ANEKAL"
		},
		{
			"displayName": "CHINTAMANI",
			"value": "CHINTAMANI"
		}
		]
	},
	"hasDependentProperties": true
},
{
	"symbolicName": "Taluk",
	"dependentOn": "State",
	"dependentValue": "TAMILNADU",
	"choiceList": {
		"displayName": "TalukNames",
		"choices": [{
			"displayName": "CHENNAI",
			"value": "CHENNAI"
		},
		{
			"displayName": "HOSUR",
			"value": "HOSUR"
		}
		]
	},
	"hasDependentProperties": true
},
{
	"symbolicName": "Taluk",
	"dependentOn": "State",
	"dependentValue": "NOVA",
	"choiceList": {
		"displayName": "TalukNames",
		"choices": [{
			"displayName": "NOVA-1",
			"value": "NOVA-1"
		}
		]
	},
	"hasDependentProperties": true
},
{
	"symbolicName": "Taluk",
	"dependentOn": "State",
	"dependentValue": "SCOTIA",
	"choiceList": {
		"displayName": "TalukNames",
		"choices": [{
			"displayName": "SCOTIA-1",
			"value": "SCOTIA-1"
		}
		]
	},
	"hasDependentProperties": true
}
]
