{
	"info": {
		"_postman_id": "b2ce2f36-70b0-4f3d-acaa-0c11b99cfe3c",
		"name": "AWS_S3",
		"schema": "https://schema.getpostman.com/json/collection/v2.1.0/collection.json"
	},
	"item": [
		{
			"name": "AWS_S3_ADD_FILE",
			"request": {
				"method": "POST",
				"header": [],
				"body": {
					"mode": "formdata",
					"formdata": [
						{
							"key": "file",
							"type": "file",
							"src": "/D:/MURTHY/AWS/S3/FILE_FROM_POSTMAN.txt"
						}
					]
				},
				"url": {
					"raw": "http://localhost:8080/service/s3/uploadFile",
					"protocol": "http",
					"host": [
						"localhost"
					],
					"port": "8080",
					"path": [
						"service",
						"s3",
						"uploadFile"
					]
				}
			},
			"response": []
		},
		{
			"name": "AWS_S3_DELETE_FILE",
			"request": {
				"method": "DELETE",
				"header": [],
				"body": {
					"mode": "formdata",
					"formdata": [
						{
							"key": "url",
							"value": "https://s3.ap-south-1.amazonaws.com/ecm-smart-service/1587552567355-FILE_FROM_POSTMAN.txt",
							"type": "text"
						}
					]
				},
				"url": {
					"raw": "http://localhost:8080/service/s3/deleteFile",
					"protocol": "http",
					"host": [
						"localhost"
					],
					"port": "8080",
					"path": [
						"service",
						"s3",
						"deleteFile"
					]
				}
			},
			"response": []
		}
	]
}