{
	"info": {
		"_postman_id": "757b0eab-321a-926f-3a68-0f627b215cc0",
		"name": "CASE_LOCAL",
		"schema": "https://schema.getpostman.com/json/collection/v2.1.0/collection.json"
	},
	"item": [
		{
			"name": "TEST",
			"request": {
				"auth": {
					"type": "oauth2",
					"oauth2": [
						{
							"key": "accessToken",
							"value": "1fae450b-8e1a-4257-b69f-485b92ea0968",
							"type": "string"
						},
						{
							"key": "tokenType",
							"value": "bearer",
							"type": "string"
						},
						{
							"key": "addTokenTo",
							"value": "header",
							"type": "string"
						}
					]
				},
				"method": "POST",
				"header": [
					{
						"key": "Content-Type",
						"value": "application/json"
					}
				],
				"body": {
					"mode": "raw",
					"raw": "{\n    \"caseOperations\": {\n        \"casecategoryname\": \"getCaseHistory\",\n        \"repositoryname\": \"TOS1\",\n        \"connectionPoint\": null,\n        \"rosterName\": null,\n        \"cases\": {\n            \"case\": [\n                {\n                    \"filter\": null,\n                    \"properties\": [\n                        {\n                            \"value\": \"DOCSERVICE\",\n                            \"key\": \"ESS_ServiceName\",\n                            \"type\": 0\n                        },\n                        {\n                            \"value\": \"DOCUMENTTYPE\",\n                            \"key\": \"ESS_DocumentType\",\n                            \"type\": 0\n                        }\n                    ],\n                    \"caseIdentifier\": \"ESS_DocumentService_000000110006\",\n                    \"caseType\": \"ESS_DocumentService\",\n                    \"caseTasks\": null,\n                    \"caseId\": null,\n                    \"caseTitle\": null,\n                    \"caseState\": null,\n                    \"caseCreatedDate\": null,\n                    \"caseLastModifiedDate\": null,\n                    \"creator\": null,\n                    \"caseComments\": [\n                        {\n                            \"creator\": null,\n                            \"createdDate\": null,\n                            \"commentText\": \"COMMENT1\",\n                            \"id\": null\n                        }\n                    ],\n                    \"status\": null\n                }\n            ]\n        }\n    }\n}"
				},
				"url": {
					"raw": "http://localhost:8081/ecmservice/caseService",
					"protocol": "http",
					"host": [
						"localhost"
					],
					"port": "8081",
					"path": [
						"ecmservice",
						"caseService"
					]
				}
			},
			"response": []
		},
		{
			"name": "CREATE_CASE",
			"request": {
				"method": "POST",
				"header": [
					{
						"key": "Content-Type",
						"value": "application/json"
					}
				],
				"body": {
					"mode": "raw",
					"raw": "{\n    \"caseOperations\": {\n        \"casecategoryname\": \"CASE_CAT\",\n        \"repositoryname\": \"TOS1\",\n        \"connectionPoint\": null,\n        \"rosterName\": null,\n        \"cases\": {\n            \"case\": [\n                {\n                    \"filter\": null,\n                    \"properties\": [\n                        {\n                            \"value\": \"DOCSERVICE\",\n                            \"key\": \"ESS_ServiceName\",\n                            \"type\": 0\n                        },\n                        {\n                            \"value\": \"DOCUMENTTYPE\",\n                            \"key\": \"ESS_DocumentType\",\n                            \"type\": 0\n                        }\n                    ],\n                    \"caseIdentifier\": null,\n                    \"caseType\": \"ESS_DocumentService\",\n                    \"caseTasks\": null,\n                    \"caseId\": null,\n                    \"caseTitle\": null,\n                    \"caseState\": null,\n                    \"caseCreatedDate\": null,\n                    \"caseLastModifiedDate\": null,\n                    \"creator\": null,\n                    \"caseComments\": [\n                        {\n                            \"creator\": null,\n                            \"createdDate\": null,\n                            \"commentText\": \"UIIIIIIIIIIIII\",\n                            \"id\": null\n                        }\n                    ],\n                    \"status\": null\n                }\n            ]\n        }\n    }\n}"
				},
				"url": {
					"raw": "http://localhost:8086/ecmservice/CaseServices/createCase",
					"protocol": "http",
					"host": [
						"localhost"
					],
					"port": "8086",
					"path": [
						"ecmservice",
						"CaseServices",
						"createCase"
					]
				}
			},
			"response": []
		},
		{
			"name": "CREATE_CASE_COMMENTS",
			"request": {
				"method": "POST",
				"header": [
					{
						"key": "Content-Type",
						"value": "application/json"
					}
				],
				"body": {
					"mode": "raw",
					"raw": "{\n    \"caseOperations\": {\n        \"casecategoryname\": \"CASE_CAT\",\n        \"repositoryname\": \"TOS1\",\n        \"connectionPoint\": null,\n        \"rosterName\": null,\n        \"cases\": {\n            \"case\": [\n                {\n                    \"filter\": null,\n                    \"properties\": [\n                        {\n                            \"value\": \"DOCSERVICE\",\n                            \"key\": \"ESS_ServiceName\",\n                            \"type\": 0\n                        },\n                        {\n                            \"value\": \"DOCUMENTTYPE\",\n                            \"key\": \"ESS_DocumentType\",\n                            \"type\": 0\n                        }\n                    ],\n                    \"caseIdentifier\": null,\n                    \"caseType\": \"ESS_DocumentService\",\n                    \"caseTasks\": null,\n                    \"caseId\": \"{F0C5876E-0000-C01F-B4B7-82D1B1FEAE39}\",\n                    \"caseTitle\": null,\n                    \"caseState\": null,\n                    \"caseCreatedDate\": null,\n                    \"caseLastModifiedDate\": null,\n                    \"creator\": null,\n                    \"caseComments\": [\n                        {\n                            \"creator\": null,\n                            \"createdDate\": null,\n                            \"commentText\": \"UIIIIIIIIIIIII\",\n                            \"id\": null\n                        }\n                    ],\n                    \"status\": null\n                }\n            ]\n        }\n    }\n}"
				},
				"url": {
					"raw": "http://localhost:8086/ecmservice/CaseServices/createCaseComments",
					"protocol": "http",
					"host": [
						"localhost"
					],
					"port": "8086",
					"path": [
						"ecmservice",
						"CaseServices",
						"createCaseComments"
					]
				}
			},
			"response": []
		},
		{
			"name": "GET_CASE_COMMENTS",
			"request": {
				"method": "POST",
				"header": [
					{
						"key": "Content-Type",
						"value": "application/json"
					}
				],
				"body": {
					"mode": "raw",
					"raw": "{\n    \"caseOperations\": {\n        \"casecategoryname\": \"CASE_CAT\",\n        \"repositoryname\": \"TOS1\",\n        \"connectionPoint\": null,\n        \"rosterName\": null,\n        \"cases\": {\n            \"case\": [\n                {\n                    \"filter\": null,\n                    \"properties\": [\n                        {\n                            \"value\": \"DOCSERVICE\",\n                            \"key\": \"ESS_ServiceName\",\n                            \"type\": 0\n                        },\n                        {\n                            \"value\": \"DOCUMENTTYPE\",\n                            \"key\": \"ESS_DocumentType\",\n                            \"type\": 0\n                        }\n                    ],\n                    \"caseIdentifier\": null,\n                    \"caseType\": \"ESS_DocumentService\",\n                    \"caseTasks\": null,\n                    \"caseId\": \"{F0C5876E-0000-C01F-B4B7-82D1B1FEAE39}\",\n                    \"caseTitle\": null,\n                    \"caseState\": null,\n                    \"caseCreatedDate\": null,\n                    \"caseLastModifiedDate\": null,\n                    \"creator\": null,\n                    \"caseComments\": [\n                        {\n                            \"creator\": null,\n                            \"createdDate\": null,\n                            \"commentText\": \"COMMENT1\",\n                            \"id\": null\n                        }\n                    ],\n                    \"status\": null\n                }\n            ]\n        }\n    }\n}"
				},
				"url": {
					"raw": "http://localhost:8086/ecmservice/CaseServices/getCaseComments",
					"protocol": "http",
					"host": [
						"localhost"
					],
					"port": "8086",
					"path": [
						"ecmservice",
						"CaseServices",
						"getCaseComments"
					]
				}
			},
			"response": []
		}
	]
}