{
	"info": {
		"_postman_id": "5a19972b-5822-8999-b6a5-a4e560a9514c",
		"name": "CE_LOCAL",
		"schema": "https://schema.getpostman.com/json/collection/v2.1.0/collection.json"
	},
	"item": [
		{
			"name": "CheckOutDocument",
			"request": {
				"method": "POST",
				"header": [
					{
						"key": "Content-Type",
						"value": "application/json"
					}
				],
				"body": {
					"mode": "raw",
					"raw": "{\r\n  \"documentOperations\": {\r\n    \"documents\": {\r\n      \"document\": [\r\n        {\r\n          \"content\": \"\",\r\n          \"metadata\": [],\r\n          \"documentid\": \"{006C256D-0000-C730-AB1D-4DFCA2F1674D}\",\r\n          \"filter\": [],\r\n          \"status\": [\r\n            {\r\n              \"code\": \"\",\r\n              \"message\": \"\"\r\n            }\r\n          ]\r\n        }\r\n        \r\n            ]\r\n    },\r\n\r\n\r\n    \"repositoryname\": \"ECM1OS\",\r\n    \"documentcategoryname\": \"claims\"\r\n  }\r\n} \r\n \r\n"
				},
				"url": {
					"raw": "http://localhost:8080/ecmservice/DocumentServices/checkOutDocument",
					"protocol": "http",
					"host": [
						"localhost"
					],
					"port": "8080",
					"path": [
						"ecmservice",
						"DocumentServices",
						"checkOutDocument"
					]
				}
			},
			"response": []
		},
		{
			"name": "CreateDocument",
			"request": {
				"method": "POST",
				"header": [
					{
						"key": "Content-Type",
						"value": "application/json"
					}
				],
				"body": {
					"mode": "raw",
					"raw": "\r\n{\r\n  \"documentOperations\": {\r\n    \"documents\": {\r\n      \"document\": [\r\n        \r\n        {\r\n          \"content\": \"MSlGMjQ3Rw0KMilGMjQzRw0KMylGMjQwRw0KNClGMjQx==\",\r\n           \"documentClassName\":\"Claims\",\r\n          \"metadata\": [\r\n          \t{\r\n          \t\t\"key\": \"Claims_FirstName\",\r\n              \"value\": \"1234567\"\r\n            },\r\n        \r\n              {\r\n                            \"value\": \"[TYPE1,TYPE2]\",\r\n                            \"key\": \"ClaimType\",\r\n                            \"type\": 8\r\n                        }\r\n\r\n          \t],\r\n          \"documentid\": \"\",\r\n          \"changeddocumentClass\": \"\",\r\n          \"contentsize\" :\"\",\r\n          \"mimeType\": \"\",\r\n          \"documentName\": \"\",\r\n          \"filter\": [],\r\n          \"status\": [\r\n            {\r\n              \"code\": \"\",\r\n              \"message\": \"\"\r\n            }\r\n          ]\r\n        }\r\n        \r\n            ]\r\n    },\r\n\r\n\r\n    \"repositoryname\": \"ECM1OS\",\r\n    \"documentcategoryname\": \"\"\r\n   \r\n  }\r\n}   \r\n \r\n"
				},
				"url": {
					"raw": "http://localhost:8086/ecmservice/documentServices/createDocument",
					"protocol": "http",
					"host": [
						"localhost"
					],
					"port": "8086",
					"path": [
						"ecmservice",
						"documentServices",
						"createDocument"
					]
				}
			},
			"response": []
		},
		{
			"name": "CancelCheckoutDocument",
			"request": {
				"method": "POST",
				"header": [
					{
						"key": "Content-Type",
						"value": "application/json"
					}
				],
				"body": {
					"mode": "raw",
					"raw": "{\r\n  \"documentOperations\": {\r\n    \"documents\": {\r\n      \"document\": [\r\n        {\r\n          \"content\": \"\",\r\n          \"metadata\": [],\r\n          \"documentid\": \"{006C256D-0000-C730-AB1D-4DFCA2F1674D}\",\r\n          \"filter\": [],\r\n          \"status\": [\r\n            {\r\n              \"code\": \"\",\r\n              \"message\": \"\"\r\n            }\r\n          ]\r\n        }\r\n\t\t\r\n        \r\n            ]\r\n    },\r\n\r\n\r\n    \"repositoryname\": \"ECM1OS\",\r\n    \"documentcategoryname\": \"claims\"\r\n  }\r\n} \r\n \r\n"
				},
				"url": {
					"raw": "http://localhost:8080/ecmservice/DocumentServices/cancelCheckoutDocument",
					"protocol": "http",
					"host": [
						"localhost"
					],
					"port": "8080",
					"path": [
						"ecmservice",
						"DocumentServices",
						"cancelCheckoutDocument"
					]
				}
			},
			"response": []
		},
		{
			"name": "GET_D_VERSION_LIST",
			"request": {
				"method": "POST",
				"header": [
					{
						"key": "Content-Type",
						"value": "application/json"
					}
				],
				"body": {
					"mode": "raw",
					"raw": "{\r\n  \"documentOperations\": {\r\n    \"documents\": {\r\n      \"document\": [\r\n        {\r\n          \"content\": \"\",\r\n      \r\n          \"documentid\": \"{006C256D-0000-C730-AB1D-4DFCA2F1674D}\",\r\n         \r\n          \"Status\": [\r\n            {\r\n              \"code\": \"\",\r\n              \"message\": \"\"\r\n            }\r\n          ]\r\n\t\t   \r\n\t\t  \r\n        }\r\n    \r\n        \r\n            ]\r\n    },\r\n    \"repositoryname\": \"ECM1OS\",\r\n    \"documentcategoryname\": \"Claims\"\r\n  }\r\n} \r\n"
				},
				"url": {
					"raw": "http://localhost:8080/ecmservice/DocumentServices/getDocumentVersionList",
					"protocol": "http",
					"host": [
						"localhost"
					],
					"port": "8080",
					"path": [
						"ecmservice",
						"DocumentServices",
						"getDocumentVersionList"
					]
				}
			},
			"response": []
		},
		{
			"name": "CheckInDocument",
			"request": {
				"method": "POST",
				"header": [
					{
						"key": "Content-Type",
						"value": "application/json"
					}
				],
				"body": {
					"mode": "raw",
					"raw": "{\r\n  \"documentOperations\": {\r\n    \"documents\": {\r\n      \"document\": [\r\n        {\r\n          \"content\": \"\",\r\n          \"metadata\": [\r\n            \r\n\t\t\t{\r\n              \"key\": \"DocumentTitle\",\r\n              \"value\": \"Requestttt.txt\"\r\n            }\r\n          ],\r\n          \"documentid\": \"{20C7196D-0000-C310-9B2E-E051539DE839}\",\r\n          \"filter\": [],\r\n          \"Status\": [\r\n            {\r\n              \"code\": \"\",\r\n              \"message\": \"\"\r\n            }\r\n          ],\r\n\t\t   \"documentName\": \"Request.txt\",\r\n\t\t  \"mimeType\": \"text/plain\",\r\n\t\t  \"contentElements\": [\r\n                        {\r\n                            \"retrievalName\": \"Request-3.txt\",\r\n                            \"content\": \"MTExMTExMTExMQ==\",\r\n                            \"contentType\": \"text/plain\",\r\n                            \"contentElementSequenceNumber\": 0\r\n                        },\r\n                         {\r\n                            \"retrievalName\": \"Request-3.txt\",\r\n                            \"content\": \"MTExMTExMTExMQ==\",\r\n                            \"contentType\": \"text/plain\",\r\n                            \"contentElementSequenceNumber\": 0\r\n                        }\r\n                    ]\r\n        }\r\n    \r\n        \r\n            ]\r\n    },\r\n    \"repositoryname\": \"ECM1OS\",\r\n    \"documentcategoryname\": \"Claims\"\r\n  }\r\n} \r\n"
				},
				"url": {
					"raw": "http://localhost:8080/ecmservice/DocumentServices/checkInDocument",
					"protocol": "http",
					"host": [
						"localhost"
					],
					"port": "8080",
					"path": [
						"ecmservice",
						"DocumentServices",
						"checkInDocument"
					]
				}
			},
			"response": []
		},
		{
			"name": "SET_CE",
			"request": {
				"method": "POST",
				"header": [
					{
						"key": "Content-Type",
						"value": "application/json"
					}
				],
				"body": {
					"mode": "raw",
					"raw": "{\r\n  \"documentOperations\": {\r\n    \"documents\": {\r\n      \"document\": [\r\n        {\r\n          \"content\": \"\",\r\n          \"metadata\": [\r\n            \r\n\t\t\t{\r\n              \"key\": \"DocumentTitle\",\r\n              \"value\": \"Testttt.txt\"\r\n            }\r\n          ],\r\n          \"documentid\": \"{006C256D-0000-C730-AB1D-4DFCA2F1674D}\",\r\n          \"filter\": [],\r\n          \"Status\": [\r\n            {\r\n              \"code\": \"\",\r\n              \"message\": \"\"\r\n            }\r\n          ],\r\n\t\t   \"documentName\": \"Testttt.txt\",\r\n\t\t    \"contentElements\": [\r\n                        {\r\n                            \"retrievalName\": \"Request-111.txt\",\r\n                            \"content\": \"MTExMTExMTExMQ==\",\r\n                            \"contentType\": \"text/plain\",\r\n                            \"contentElementSequenceNumber\": 0\r\n                        },\r\n                        {\r\n                            \"retrievalName\": \"Request-2222.txt\",\r\n                            \"content\": \"MjIyMjIyMjIy\",\r\n                            \"contentType\": \"text/plain\",\r\n                            \"contentElementSequenceNumber\": 1\r\n                        }\r\n                    ],\r\n\t\t  \"mimeType\": \"text/plain\"\r\n        }\r\n    \r\n        \r\n            ]\r\n    },\r\n    \"repositoryname\": \"ECM1OS\",\r\n    \"documentcategoryname\": \"Claims\"\r\n  }\r\n} \r\n"
				},
				"url": {
					"raw": "http://localhost:8080/ecmservice/DocumentServices/setContentElement",
					"protocol": "http",
					"host": [
						"localhost"
					],
					"port": "8080",
					"path": [
						"ecmservice",
						"DocumentServices",
						"setContentElement"
					]
				}
			},
			"response": []
		}
	]
}