{
	"info": {
		"_postman_id": "3301caf0-7baa-4c81-975b-efd7e7ad4974",
		"name": "OAUTH",
		"schema": "https://schema.getpostman.com/json/collection/v2.1.0/collection.json"
	},
	"item": [
		{
			"name": "PIN",
			"request": {
				"auth": {
					"type": "oauth2",
					"oauth2": [
						{
							"key": "accessToken",
							"value": "7b652fd2-9abc-4b83-88fc-4fcaa7684dc3",
							"type": "string"
						},
						{
							"key": "tokenType",
							"value": "bearer",
							"type": "string"
						},
						{
							"key": "addTokenTo",
							"value": "header",
							"type": "string"
						}
					]
				},
				"method": "GET",
				"header": [],
				"url": {
					"raw": "http://localhost:9000/oauth/token",
					"protocol": "http",
					"host": [
						"localhost"
					],
					"port": "9000",
					"path": [
						"oauth",
						"token"
					]
				}
			},
			"response": []
		},
		{
			"name": "TOKEN",
			"request": {
				"auth": {
					"type": "basic",
					"basic": [
						{
							"key": "username",
							"value": "ecmclientid",
							"type": "string"
						},
						{
							"key": "password",
							"value": "password",
							"type": "string"
						}
					]
				},
				"method": "POST",
				"header": [],
				"body": {
					"mode": "urlencoded",
					"urlencoded": [
						{
							"key": "password",
							"value": "secret",
							"type": "text"
						},
						{
							"key": "username",
							"value": "user",
							"type": "text"
						},
						{
							"key": "grant_type",
							"value": "password",
							"type": "text"
						}
					]
				},
				"url": {
					"raw": "http://localhost:8080/oauth/token",
					"protocol": "http",
					"host": [
						"localhost"
					],
					"port": "8080",
					"path": [
						"oauth",
						"token"
					]
				}
			},
			"response": []
		},
		{
			"name": "OAUTH",
			"request": {
				"auth": {
					"type": "oauth2",
					"oauth2": [
						{
							"key": "accessToken",
							"value": "49594168-59eb-431b-bd7b-cc40b9091b9c",
							"type": "string"
						},
						{
							"key": "tokenType",
							"value": "bearer",
							"type": "string"
						},
						{
							"key": "addTokenTo",
							"value": "header",
							"type": "string"
						}
					]
				},
				"method": "POST",
				"header": [],
				"body": {
					"mode": "urlencoded",
					"urlencoded": [
						{
							"key": "password",
							"value": "secret",
							"type": "text"
						},
						{
							"key": "username",
							"value": "admin",
							"type": "text"
						},
						{
							"key": "grant_type",
							"value": "password",
							"type": "text"
						}
					]
				},
				"url": {
					"raw": "http://localhost:8080/oauth/token",
					"protocol": "http",
					"host": [
						"localhost"
					],
					"port": "8080",
					"path": [
						"oauth",
						"token"
					]
				}
			},
			"response": []
		},
		{
			"name": "TEST",
			"request": {
				"auth": {
					"type": "oauth2",
					"oauth2": [
						{
							"key": "accessToken",
							"value": "828908f2-9e4c-4e8d-bade-d3963d90dbb6",
							"type": "string"
						},
						{
							"key": "tokenType",
							"value": "bearer",
							"type": "string"
						},
						{
							"key": "addTokenTo",
							"value": "header",
							"type": "string"
						}
					]
				},
				"method": "POST",
				"header": [
					{
						"warning": "This is a duplicate header and will be overridden by the Authorization header generated by Postman.",
						"key": "Authorization",
						"value": "bearer 0bebb4d0-beac-4d08-9dd6-054472f49a97",
						"type": "text"
					}
				],
				"body": {
					"mode": "urlencoded",
					"urlencoded": [
						{
							"key": "password",
							"value": "secret",
							"type": "text",
							"disabled": true
						},
						{
							"key": "username",
							"value": "admin",
							"type": "text",
							"disabled": true
						},
						{
							"key": "grant_type",
							"value": "password",
							"type": "text",
							"disabled": true
						}
					]
				},
				"url": {
					"raw": "http://localhost:9090/test",
					"protocol": "http",
					"host": [
						"localhost"
					],
					"port": "9090",
					"path": [
						"test"
					]
				}
			},
			"response": []
		},
		{
			"name": "STUDENT_SERVICE_KAFKA",
			"request": {
				"auth": {
					"type": "oauth2",
					"oauth2": [
						{
							"key": "accessToken",
							"value": "756f6dce-5aea-4d2e-9e2b-0df335ff53f2",
							"type": "string"
						},
						{
							"key": "tokenType",
							"value": "bearer",
							"type": "string"
						},
						{
							"key": "addTokenTo",
							"value": "header",
							"type": "string"
						}
					]
				},
				"method": "POST",
				"header": [
					{
						"key": "Content-Type",
						"value": "application/json"
					}
				],
				"body": {
					"mode": "raw",
					"raw": "{\n  \"name\": \"ECM SYSTEM\"\n}"
				},
				"url": {
					"raw": "http://localhost:8091/secondservice/secondstudentService",
					"protocol": "http",
					"host": [
						"localhost"
					],
					"port": "8091",
					"path": [
						"secondservice",
						"secondstudentService"
					]
				}
			},
			"response": []
		},
		{
			"name": "PUBLIC",
			"request": {
				"auth": {
					"type": "oauth2",
					"oauth2": [
						{
							"key": "accessToken",
							"value": "77062764-666d-4616-a279-4d9597b37424",
							"type": "string"
						},
						{
							"key": "tokenType",
							"value": "bearer",
							"type": "string"
						},
						{
							"key": "addTokenTo",
							"value": "header",
							"type": "string"
						}
					]
				},
				"method": "POST",
				"header": [
					{
						"key": "Content-Type",
						"value": "application/json"
					}
				],
				"body": {
					"mode": "raw",
					"raw": "{\n  \"name\": \"ECM SYSTEM\"\n}"
				},
				"url": {
					"raw": "http://localhost:8080/public",
					"protocol": "http",
					"host": [
						"localhost"
					],
					"port": "8080",
					"path": [
						"public"
					]
				}
			},
			"response": []
		},
		{
			"name": "PRIVATE",
			"request": {
				"auth": {
					"type": "noauth"
				},
				"method": "POST",
				"header": [
					{
						"key": "Content-Type",
						"value": "application/json"
					},
					{
						"key": "Authorization",
						"value": "bearer 0bebb4d0-beac-4d08-9dd6-054472f49a97",
						"type": "text"
					}
				],
				"body": {
					"mode": "raw",
					"raw": "{\n  \"name\": \"ECM SYSTEM\"\n}"
				},
				"url": {
					"raw": "http://localhost:8080/private",
					"protocol": "http",
					"host": [
						"localhost"
					],
					"port": "8080",
					"path": [
						"private"
					]
				}
			},
			"response": []
		},
		{
			"name": "ADMIN",
			"request": {
				"auth": {
					"type": "noauth"
				},
				"method": "POST",
				"header": [
					{
						"key": "Content-Type",
						"value": "application/json"
					},
					{
						"key": "Authorization",
						"value": "bearer 95dbdd18-82c0-4938-bef6-d20207770b7e",
						"type": "text"
					}
				],
				"body": {
					"mode": "raw",
					"raw": "{\n  \"name\": \"ECM SYSTEM\"\n}"
				},
				"url": {
					"raw": "http://localhost:8080/admin",
					"protocol": "http",
					"host": [
						"localhost"
					],
					"port": "8080",
					"path": [
						"admin"
					]
				}
			},
			"response": []
		}
	]
}