{
	"displayName": "AviationPrimaryDocumentTypesClaims",
	"choices": [{
		"displayName": "Closing Documents",
		"value": "Closing Documents"
	},
	{
		"displayName": "CMS",
		"value": "CMS"
	},
	{
		"displayName": "Correspondence",
		"value": "Correspondence"
	},
	{
		"displayName": "Financial Information",
		"value": "Financial Information"
	},
	{
		"displayName": "Key Details",
		"value": "Key Details"
	},
	{
		"displayName": "Legal",
		"value": "Legal"
	},
	{
		"displayName": "Policy Info",
		"value": "Policy Info"
	},
	{
		"displayName": "Recovery",
		"value": "Recovery"
	},
	{
		"displayName": "Reports",
		"value": "Reports"
	}
	]
}