{
	"displayName": "DocumentTitles_Marine_Damages",
	"choices": [
		{"displayName":"Estimates","value":"Estimates"},
		{"displayName":"Indemnity Bills","value":"Indemnity Bills"},
		{"displayName":"Inventories","value":"Inventories"},
		{"displayName":"LLN","value":"LLN"},
		{"displayName":"Liens","value":"Liens"},
		{"displayName":"Medical Records/Report or Bills","value":"Medical Records/Report or Bills"},
		{"displayName":"Other","value":"Other"},
		{"displayName":"Rental Bills","value":"Rental Bills"},
		{"displayName":"Structured Settlement","value":"Structured Settlement"},
		{"displayName":"Vendor Reports & Expenses","value":"Vendor Reports & Expenses"},
	]
}