{
	"displayName": "LOBs",
	"choices": [
		{
			"displayName": "Aviation",
			"value": "Aviation"
		},
		{
			"displayName": "Energy",
			"value": "Energy"
		},
		{
			"displayName": "Engineering",
			"value": "Engineering"
		},
		{
			"displayName": "Financial Lines",
			"value": "Financial Lines"
		},
		{
			"displayName": "Liability",
			"value": "Liability"
		},
		{
			"displayName": "Marine",
			"value": "Marine"
		},
		{
			"displayName": "Package & Multiline",
			"value": "Package & Multiline"
		},
		{
			"displayName": "Property",
			"value": "Property"
		}
	]
}