{
    "displayName": "UW_DocumentTitles_Aviation_SignedForms",
    "choices": [
        {
            "displayName": "Exclusions",
            "value": "Exclusions"
        },
        {
            "displayName": "Signed Forms",
            "value": "Signed Forms"
        },
        {
            "displayName": "Waivers of Coverage",
            "value": "Waivers of Coverage"
        },
        {
            "displayName": "Contracts",
            "value": "Contracts"
        }
    ]
}