{
    "displayName": "UW_DocumentTitles_Liability_UnderwritingDocumentation",
    "choices": [
        {
            "displayName": "Checklist",
            "value": "Checklist"
        },
        {
            "displayName": "Financial Data - Exposure History",
            "value": "Financial Data - Exposure History"
        },
        {
            "displayName": "Manuscript Endorsement or Forms Documentation",
            "value": "Manuscript Endorsement or Forms Documentation"
        },
        {
            "displayName": "OFAC Verification Sheet",
            "value": "OFAC Verification Sheet"
        },
        {
            "displayName": "Referral/Approval",
            "value": "Referral/Approval"
        },
        {
            "displayName": "Underwriting Documentation-Supporting Documentation",
            "value": "Underwriting Documentation-Supporting Documentation"
        },
        {
            "displayName": "Four Eyes / UW Sign off Sheet",
            "value": "Four Eyes / UW Sign off Sheet"
        }
    ]
}