{
    "displayName": "UW_DocumentTitles_Engineering_Booking&Checklist",
    "choices": [
        {
            "displayName": "Booking Worksheet",
            "value": "Booking Worksheet"
        },
        {
            "displayName": "IIP Calculations",
            "value": "IIP Calculations"
        },
        {
            "displayName": "Supporting Calculations",
            "value": "Supporting Calculations"
        },
        {
            "displayName": "Checklist",
            "value": "Checklist"
        }
    ]
}