{
    "displayName": "UW_DocumentTitles_Engineering_ChangeRequest",
    "choices": [
        {
            "displayName": "Change Requests",
            "value": "Change Requests"
        },
        {
            "displayName": "Change Request-Correspondence",
            "value": "Change Request-Correspondence"
        },
        {
            "displayName": "Change Request-Supporting Documentation",
            "value": "Change Request-Supporting Documentation"
        }
    ]
}