{
    "displayName": "UW_DocumentTitles_Package&Multiline_Rating&Issuance",
    "choices": [
        {
            "displayName": "Loss Costs",
            "value": "Loss Costs"
        },
        {
            "displayName": "Rating & Issuance-Supporting Documentation",
            "value": "Rating & Issuance-Supporting Documentation"
        },
        {
            "displayName": "Rating Worksheets",
            "value": "Rating Worksheets"
        },
        {
            "displayName": "Underwriting Instructions",
            "value": "Underwriting Instructions"
        }
    ]
}