{
    "displayName": "UW_DocumentTitles_Engineering_Country-IIP",
    "choices": [
        {
            "displayName": "Correspondence",
            "value": "Correspondence"
        },
        {
            "displayName": "Initial Notification",
            "value": "Initial Notification"
        },
        {
            "displayName": "Final Notification",
            "value": "Final Notification"
        },
        {
            "displayName": "Reinsurance Certificate",
            "value": "Reinsurance Certificate"
        },
        {
            "displayName": "Quote",
            "value": "Quote"
        },
        {
            "displayName": "Endorsement",
            "value": "Endorsement"
        },
        {
            "displayName": "Terrorism",
            "value": "Terrorism"
        },
        {
            "displayName": "Other",
            "value": "Other"
        }
    ]
}