{
    "displayName": "UW_DocumentTitles_FinancialLines_CAT",
    "choices": [
        {
            "displayName": "CAT-Supporting Documentation",
            "value": "CAT-Supporting Documentation"
        },
        {
            "displayName": "Earthquake",
            "value": "Earthquake"
        },
        {
            "displayName": "Wind",
            "value": "Wind"
        },
        {
            "displayName": "Risk Management (RMF)",
            "value": "Risk Management (RMF)"
        },
        {
            "displayName": "Union Template",
            "value": "Union Template"
        },
        {
            "displayName": "Initial Report",
            "value": "Initial Report"
        },
        {
            "displayName": "Alternative Report",
            "value": "Alternative Report"
        },
        {
            "displayName": "Final Report",
            "value": "Final Report"
        }
    ]
}