{
    "displayName": "UW_DocumentTitles_Package&Multiline_FinancialInformation",
    "choices": [
        {
            "displayName": "Billing / Invoices",
            "value": "Billing / Invoices"
        },
        {
            "displayName": "Dun & Bradstreet (D&B)",
            "value": "Dun & Bradstreet (D&B)"
        },
        {
            "displayName": "Financial Information-Report",
            "value": "Financial Information-Report"
        },
        {
            "displayName": "Financial Information-Supporting Documentation",
            "value": "Financial Information-Supporting Documentation"
        },
        {
            "displayName": "Financial Statements & Public Filings",
            "value": "Financial Statements & Public Filings"
        }
    ]
}