{
    "displayName": "UW_DocumentTitles_Aviation_Losses",
    "choices": [
        {
            "displayName": "External Loss History",
            "value": "External Loss History"
        },
        {
            "displayName": "Internal Loss History",
            "value": "Internal Loss History"
        },
        {
            "displayName": "Losses-Supporting Documentation",
            "value": "Losses-Supporting Documentation"
        },
        {
            "displayName": "Losses - Deductible Information",
            "value": "Losses - Deductible Information"
        },
        {
            "displayName": "Losses - Loss Ratio",
            "value": "Losses - Loss Ratio"
        },
        {
            "displayName": "Claims - Underwriting Notes for Claims",
            "value": "Claims - Underwriting Notes for Claims"
        },
        {
            "displayName": "NACHA / Claims Handling Agreement",
            "value": "NACHA / Claims Handling Agreement"
        },
        {
            "displayName": "Risk Management Fund",
            "value": "Risk Management Fund"
        },
        {
            "displayName": "Loss Adjuster Information",
            "value": "Loss Adjuster Information"
        }
    ]
}