{
    "displayName": "UW_DocumentTitles_Liability_Policies&Endorsements",
    "choices": [
        {
            "displayName": "Binder",
            "value": "Binder"
        },
        {
            "displayName": "Endorsement",
            "value": "Endorsement"
        },
        {
            "displayName": "Billing / Invoices",
            "value": "Billing / Invoices"
        },
        {
            "displayName": "Policy/Forms",
            "value": "Policy/Forms"
        },
        {
            "displayName": "Renewal Certificate",
            "value": "Renewal Certificate"
        }
    ]
}