{
    "displayName": "UW_DocumentTitles_Liability_Country-IIP",
    "choices": [
        {
            "displayName": "Reinsurance Certificate",
            "value": "Reinsurance Certificate"
        },
        {
            "displayName": "Quote",
            "value": "Quote"
        },
        {
            "displayName": "Endorsement",
            "value": "Endorsement"
        },
        {
            "displayName": "Terrorism",
            "value": "Terrorism"
        },
        {
            "displayName": "Other",
            "value": "Other"
        }	
    ]
}