{
    "displayName": "UW_DocumentTitles_Aviation_Inspections&LossControl",
    "choices": [
        {
            "displayName": "Inspections",
            "value": "Inspections"
        },
        {
            "displayName": "Inspections & Loss Control-Supporting Documentation",
            "value": "Inspections & Loss Control-Supporting Documentation"
        },
        {
            "displayName": "Maps & Photos",
            "value": "Maps & Photos"
        },
        {
            "displayName": "Recommendations",
            "value": "Recommendations"
        },
        {
            "displayName": "Service",
            "value": "Service"
        }
    ]
}