{
    "displayName": "UW_DocumentTitles_Liability_Reinsurance",
    "choices": [
        {
            "displayName": "Certificate",
            "value": "Certificate"
        },
        {
            "displayName": "Quote",
            "value": "Quote"
        },
        {
            "displayName": "Reinsurance-Supporting Documentation",
            "value": "Reinsurance-Supporting Documentation"
        },
        {
            "displayName": "Correspondence",
            "value": "Correspondence"
        },
        {
            "displayName": "Other",
            "value": "Other"
        }
    ]
}