{
    "displayName": "UW_DocumentTitles_Aviation_Rating&Issuance",
    "choices": [
        {
            "displayName": "Loss Costs",
            "value": "Loss Costs"
        },
        {
            "displayName": "Rating & Issuance-Supporting Documentation",
            "value": "Rating & Issuance-Supporting Documentation"
        },
        {
            "displayName": "Rating Worksheets",
            "value": "Rating Worksheets"
        },
        {
            "displayName": "Underwriting Instructions",
            "value": "Underwriting Instructions"
        },
        {
            "displayName": "Rating - APT",
            "value": "Rating - APT"
        },
        {
            "displayName": "Rating - AET",
            "value": "Rating - AET"
        },
        {
            "displayName": "Rating - EU Worksheets",
            "value": "Rating - EU Worksheets"
        }
    ]
}