{
    "displayName": "UW_DocumentTitles_Package&Multiline_Cancellations-Reinstatements",
    "choices": [
        {
            "displayName": "Cancellations-Reinstatements-Supporting Documentation",
            "value": "Cancellations-Reinstatements-Supporting Documentation"
        },
        {
            "displayName": "Lost Policy Release",
            "value": "Lost Policy Release"
        },
        {
            "displayName": "Notice",
            "value": "Notice"
        }
    ]
}