{
    "displayName": "UW_DocumentTitles_Aviation_Policies&Endorsements",
    "choices": [
        {
            "displayName": "Endorsement",
            "value": "Endorsement"
        },
        {
            "displayName": "Policy/Forms",
            "value": "Policy/Forms"
        },
        {
            "displayName": "Renewal Certificate",
            "value": "Renewal Certificate"
        },
        {
            "displayName": "Broker Endorsement",
            "value": "Broker Endorsement"
        },
        {
            "displayName": "Lead UW Policy",
            "value": "Lead UW Policy"
        }
    ]
}