{
    "displayName": "UW_DocumentTitles_Engineering_Reinsurance",
    "choices": [
        {
            "displayName": "Certificate",
            "value": "Certificate"
        },
        {
            "displayName": "Quote",
            "value": "Quote"
        },
        {
            "displayName": "Reinsurance-Supporting Documentation",
            "value": "Reinsurance-Supporting Documentation"
        },
		{
            "displayName": "B&M Endorsement",
            "value": "B&M Endorsement"
        },
        {
            "displayName": "B&M Binder",
            "value": "B&M Binder"
        },
        {
            "displayName": "Correspondence",
            "value": "Correspondence"
        },
        {
            "displayName": "FAC Non-panel",
            "value": "FAC Non-panel"
        },
        {
            "displayName": "Panel Cert Fully Executed",
            "value": "Panel Cert Fully Executed"
        },
		{
            "displayName": "Panel Cert Partially Executed",
            "value": "Panel Cert Partially Executed"
        },
        {
            "displayName": "Panel Invoices",
            "value": "Panel Invoices"
		},
        {
            "displayName": "Panel Payment Info",
            "value": "Panel Payment Info"
		}
    ]
}