{
    "displayName": "UW_DocumentTitles_FinancialLines_Losses",
    "choices": [
        {
            "displayName": "External Loss History",
            "value": "External Loss History"
        },
        {
            "displayName": "Internal Loss History",
            "value": "Internal Loss History"
        },
        {
            "displayName": "Losses-Supporting Documentation",
            "value": "Losses-Supporting Documentation"
        },
        {
            "displayName": "Litigation History",
            "value": "Litigation History"
        }
    ]
}