{
    "displayName": "UW_DocumentTitles_Aviation_Applications",
    "choices": [
        {
            "displayName": "Application",
            "value": "Application"
        },
        {
            "displayName": "Applications-Correspondence",
            "value": "Applications-Correspondence"
        },
        {
            "displayName": "Applications-Supporting Documentation",
            "value": "Applications-Supporting Documentation"
        },
        {
            "displayName": "Questionnaire",
            "value": "Questionnaire"
        },
        {
            "displayName": "Statement of Values (SOV)/Schedule",
            "value": "Statement of Values (SOV)/Schedule"
        },
        {
            "displayName": "Pilot Information",
            "value": "Pilot Information"
        }
    ]
}