{
    "displayName": "UW_DocumentTitles_Engineering_UnderwritingDocumentation",
    "choices": [
        {
            "displayName": "Broker of Record (BOR)",
            "value": "Broker of Record (BOR)"
        },
        {
            "displayName": "Checklist",
            "value": "Checklist"
        },
        {
            "displayName": "Insurance to Value (ITV)",
            "value": "Insurance to Value (ITV)"
        },
        {
            "displayName": "Pre-Renewal Packets",
            "value": "Pre-Renewal Packets"
        },
        {
            "displayName": "Referral/Approval",
            "value": "Referral/Approval"
        },
        {
            "displayName": "Underwriting Documentation-Supporting Documentation",
            "value": "Underwriting Documentation-Supporting Documentation"
        },
        {
            "displayName": "Underwriting Notes",
            "value": "Underwriting Notes"
        },
        {
            "displayName": "Four Eyes / UW Sign off Sheet",
            "value": "Four Eyes / UW Sign off Sheet"
        }
    ]
}