{
    "displayName": "UW_DocumentTitles_Liability_SignedForms",
    "choices": [
        {
            "displayName": "Other",
            "value": "Other"
        },
        {
            "displayName": "Broker of Record (BOR)",
            "value": "Broker of Record (BOR)"
        },
        {
            "displayName": "Signed Regulatory Forms",
            "value": "Signed Regulatory Forms"
        },
        {
            "displayName": "Signed Policy Forms",
            "value": "Signed Policy Forms"
        },
        {
            "displayName": "Confidentiality Agreements",
            "value": "Confidentiality Agreements"
        },
        {
            "displayName": "Waivers of Coverage",
            "value": "Waivers of Coverage"
        }
    ]
}