{
    "displayName": "UW_DocumentTitles_Engineering_Policies&Endorsements",
    "choices": [
        {
            "displayName": "Binder",
            "value": "Binder"
        },
        {
            "displayName": "Billing / Invoices",
            "value": "Billing / Invoices"
        },
        {
            "displayName": "Endorsement",
            "value": "Endorsement"
        },
        {
            "displayName": "Policy/Forms",
            "value": "Policy/Forms"
        },
        {
            "displayName": "Renewal Certificate",
            "value": "Renewal Certificate"
        },
        {
            "displayName": "Other Policies",
            "value": "Other Policies"
        },
        {
            "displayName": "Proposed Wording",
            "value": "Proposed Wording"
        },
        {
            "displayName": "Subjectivities",
            "value": "Subjectivities"
        }
    ]
}