{
    "displayName": "UW_DocumentTitles_Liability_Correspondence",
    "choices": [
        {
            "displayName": "Conditional Renewal",
            "value": "Conditional Renewal"
        },
        {
            "displayName": "Non-Renewal Notification",
            "value": "Non-Renewal Notification"
        },
        {
            "displayName": "General",
            "value": "General"
        },
        {
            "displayName": "Broker Correspondence",
            "value": "Broker Correspondence"
        },
        {
            "displayName": "SOE/LOE Supporting Documentation",
            "value": "SOE/LOE Supporting Documentation"
        },
        {
            "displayName": "Premium Finance",
            "value": "Premium Finance"
        }
    ]
}