{
    "displayName": "UW_DocumentTitles_Marine_FinancialInformation",
    "choices": [
        {
            "displayName": "Billing / Invoices",
            "value": "Billing / Invoices"
        },
        {
            "displayName": "Dun & Bradstreet (D&B)",
            "value": "Dun & Bradstreet (D&B)"
        },
        {
            "displayName": "Financial Information-Report",
            "value": "Financial Information-Report"
        },
        {
            "displayName": "PAIRs",
            "value": "PAIRs"
        },
        {
            "displayName": "Financial Information-Supporting Documentation",
            "value": "Financial Information-Supporting Documentation"
        },
        {
            "displayName": "Financial Statements & Public Filings",
            "value": "Financial Statements & Public Filings"
        },
        {
            "displayName": "Mandatory Transaction Form",
            "value": "Mandatory Transaction Form"
        },
        {
            "displayName": "CAB",
            "value": "CAB"
        },
        {
            "displayName": "SAFER",
            "value": "SAFER"
        }
    ]
}