{
    "displayName": "UW_DocumentTitles_Property_CAT",
    "choices": [
        {
            "displayName": "Request Template",
            "value": "Request Template"
        },
		{
            "displayName": "Initial Report",
            "value": "Initial Report"
        },
        {
            "displayName": "Alternative Report",
            "value": "Alternative Report"
        },
        {
            "displayName": "Final Report",
            "value": "Final Report"
        }
    ]
}