{
    "displayName": "UW_DocumentTitles_Marine_Correspondence",
    "choices": [
        {
            "displayName": "Conditional Renewal",
            "value": "Conditional Renewal"
        },
        {
            "displayName": "Non-Renewal Notification",
            "value": "Non-Renewal Notification"
        },
        {
            "displayName": "General",
            "value": "General"
        },
        {
            "displayName": "Correspondence-Supporting Documentation",
            "value": "Correspondence-Supporting Documentation"
        },
        {
            "displayName": "Premium Finance",
            "value": "Premium Finance"
        }
    ]
}