{
    "displayName": "UW_PrimaryDocumentTypesEngineering",
    "choices": [
        {
            "displayName": "Applications",
            "value": "Applications"
        },
        {
            "displayName": "CAT",
            "value": "CAT"
        },
        {
            "displayName": "Cancellations-Reinstatements",
            "value": "Cancellations-Reinstatements"
        },
        {
            "displayName": "Certificates",
            "value": "Certificates"
        },
        {
            "displayName": "Change Request",
            "value": "Change Request"
        },
        {
            "displayName": "Correspondence",
            "value": "Correspondence"
        },
        {
            "displayName": "Declinations",
            "value": "Declinations"
        },
        {
            "displayName": "Inspections & Loss Control",
            "value": "Inspections & Loss Control"
        },
        {
            "displayName": "Losses",
            "value": "Losses"
        },
        {
            "displayName": "Policies & Endorsements",
            "value": "Policies & Endorsements"
        },
        {
            "displayName": "Quotes",
            "value": "Quotes"
        },
        {
            "displayName": "Rating & Issuance",
            "value": "Rating & Issuance"
        },
        {
            "displayName": "Reinsurance",
            "value": "Reinsurance"
        },
        {
            "displayName": "Signed Forms",
            "value": "Signed Forms"
        },
        {
            "displayName": "Underwriting Documentation",
            "value": "Underwriting Documentation"
        },
        {
            "displayName": "Booking & Checklist",
            "value": "Booking & Checklist"
        },
        {
            "displayName": "Country-IIP",
            "value": "Country-IIP"
        }
    ]
}