{
    "displayName": "UW_PrimaryDocumentTypesAviation",
    "choices": [
        {
            "displayName": "Applications",
            "value": "Applications"
        },
        {
            "displayName": "Audit",
            "value": "Audit"
        },
        {
            "displayName": "Cancellations-Reinstatements",
            "value": "Cancellations-Reinstatements"
        },
        {
            "displayName": "Certificates",
            "value": "Certificates"
        },
        {
            "displayName": "Change Request",
            "value": "Change Request"
        },
        {
            "displayName": "Correspondence",
            "value": "Correspondence"
        },
        {
            "displayName": "Declinations",
            "value": "Declinations"
        },
        {
            "displayName": "Filings",
            "value": "Filings"
        },
        {
            "displayName": "Financial Information",
            "value": "Financial Information"
        },
        {
            "displayName": "Inspections & Loss Control",
            "value": "Inspections & Loss Control"
        },
        {
            "displayName": "Losses",
            "value": "Losses"
        },
        {
            "displayName": "Policies & Endorsements",
            "value": "Policies & Endorsements"
        },
        {
            "displayName": "Quotes",
            "value": "Quotes"
        },
        {
            "displayName": "Rating & Issuance",
            "value": "Rating & Issuance"
        },
        {
            "displayName": "Reinsurance",
            "value": "Reinsurance"
        },
        {
            "displayName": "Reports",
            "value": "Reports"
        },
        {
            "displayName": "Signed Forms",
            "value": "Signed Forms"
        },
        {
            "displayName": "Underlying Policies",
            "value": "Underlying Policies"
        },
        {
            "displayName": "Underwriting Documentation",
            "value": "Underwriting Documentation"
        }
    ]
}